region,accommodation_type,yearly_availability,minimum_nights,number_of_reviews,reviews_per_month,owned_hotels,cost
1,1,0,5,7,0.56,1,170
2,1,0,3,238,2.3,1,65
3,2,1,1,0,0,1,85
1,2,1,30,0,0,65,210
1,3,1,3,38,0.42,3,75
1,2,1,10,11,0.76,1,200
2,1,0,1,8,0.52,2,95
1,3,0,3,0,0,1,380
1,1,0,1,259,3.93,1,79
3,2,1,20,75,1.05,1,70
2,2,1,2,0,0,1,86
2,3,0,5,1,0.15,2,100
1,2,1,30,1,0.25,87,195
1,2,1,1,0,0,33,179
4,3,1,2,0,0,4,65
1,2,1,31,0,0,1,150
1,3,0,3,2,0.31,1,250
1,2,1,12,1,0.11,1,170
1,2,1,28,2,0.08,1,220
1,1,0,5,7,0.36,1,200
2,1,0,2,113,4.15,2,60
1,2,1,4,0,0,1,200
3,3,1,1,6,0.45,3,60
1,1,0,3,16,0.81,1,199
1,2,1,1,22,0.47,1,250
4,2,1,1,1,1,1,65
2,1,0,3,4,0.63,1,130
1,2,0,30,4,0.07,1,170
2,1,0,1,65,3.49,1,73
2,2,1,5,20,0.78,2,65
3,2,1,30,9,0.12,2,150
2,1,0,3,5,0.27,1,150
2,1,0,2,9,1.27,1,150
2,2,1,2,3,0.04,1,350
4,3,1,2,11,0.52,4,60
1,1,0,1,14,1.92,1,300
2,1,0,2,22,1.17,1,109
2,2,1,1,0,0,1,150
1,2,1,1,16,0.83,2,200
1,2,1,30,1,0.36,1,170
2,2,1,1,30,0.33,2,190
1,2,1,360,0,0,1,174
2,2,1,1,23,0.52,2,375
2,1,0,5,7,0.29,1,225
2,2,1,180,0,0,1,100
1,1,0,5,18,2.01,2,59
1,2,1,30,1,1,121,189
2,3,0,5,0,0,1,94
2,1,0,2,0,0,1,145
2,3,0,4,0,0,1,100
2,3,0,4,3,2.5,2,50
1,1,0,2,62,5.81,9,49
1,1,0,2,3,3,1,83
1,2,1,1,1,0.03,1,89
2,1,0,2,4,1.4,1,75
1,3,0,2,21,0.7,1,99
1,3,0,3,11,1.76,7,55
2,1,0,2,6,0.79,2,185
1,1,0,1,6,0.13,1,57
2,1,0,1,10,0.18,1,102
4,1,0,1,122,8.24,4,34
1,1,0,4,38,0.56,1,299
4,1,0,1,14,0.7,2,35
2,3,1,2,14,1.61,3,70
4,2,1,5,3,0.12,2,55
2,1,0,7,11,0.91,1,75
2,1,0,1,33,1.83,6,38
1,3,0,1,93,1.12,1,113
1,3,1,30,9,0.18,11,2000
2,2,1,4,12,0.37,1,90
3,2,1,180,0,0,1,129
3,2,1,2,2,2,2,325
3,1,0,1,16,0.85,2,50
1,3,0,60,2,0.23,2,125
1,2,1,2,0,0,1,300
1,2,1,3,2,0.07,12,599
3,1,0,1,23,1.78,1,51
2,1,0,2,25,0.43,1,175
1,2,1,1,3,0.16,1,587
2,1,0,3,15,0.65,2,65
2,2,1,90,0,0,1,111
2,2,1,4,0,0,1,85
2,1,0,1,10,1.95,1,80
1,2,1,60,0,0,1,120
1,2,1,29,0,0,327,227
1,1,0,2,8,0.42,1,67
1,1,0,1,31,2.53,2,70
2,1,0,3,7,0.24,1,65
2,1,0,5,14,0.33,1,100
2,1,0,2,28,3.94,1,119
3,1,0,1,62,2.35,2,48
2,2,1,2,116,1.55,1,125
1,2,1,180,5,0.27,2,275
1,2,1,3,1,0.03,1,399
1,2,1,30,1,1,32,60
2,1,0,2,13,1.26,1,125
2,2,1,1,23,0.56,1,40
1,2,1,1,0,0,6,2010
2,2,1,2,9,0.36,1,101
1,2,1,2,7,0.33,1,295
3,3,1,1,26,1.1,6,37
1,3,0,30,0,0,2,128
1,1,0,1,20,2.74,1,135
2,2,1,3,0,0,2,150
1,1,0,1,134,4.81,2,115
1,2,1,2,8,0.16,1,150
1,2,1,3,2,0.06,12,799
2,1,0,2,7,0.18,1,205
1,3,0,4,0,0,1,220
1,1,0,1,33,6.56,1,35
1,1,0,3,30,1.08,1,125
3,1,1,1,72,1.3,1,60
3,1,0,5,3,0.76,1,62
2,3,1,1,11,0.57,17,119
1,2,1,30,1,0.06,50,175
2,3,0,7,0,0,1,90
2,2,1,2,2,0.74,6,40
1,1,0,1,3,0.14,3,65
1,1,0,4,34,1.33,1,230
2,1,0,6,6,0.52,1,44
2,2,0,3,17,0.5,1,90
3,2,0,2,14,0.51,1,250
2,3,1,3,66,1.05,5,99
1,2,1,30,0,0,49,175
3,1,0,1,4,2.26,1,90
1,2,1,2,0,0,1,349
2,2,1,20,0,0,2,43
1,2,1,1,0,0,4,75
1,2,1,2,17,0.25,2,1100
2,3,0,2,0,0,1,89
3,3,0,29,3,0.87,5,35
3,1,0,4,19,1.64,2,43
3,2,1,2,10,0.38,2,60
1,2,1,1,0,0,4,270
4,1,1,3,12,0.54,5,45
2,1,0,7,16,0.49,1,140
1,1,0,32,29,3.94,1,140
2,2,1,30,0,0,4,38
1,1,0,4,28,0.49,1,250
3,2,1,7,1,1,1,90
2,2,1,1,0,0,1,140
1,2,1,7,1,0.53,13,169
1,3,0,1,32,0.51,1,150
3,3,0,2,0,0,2,69
1,1,0,4,4,0.22,1,101
1,2,0,1,10,0.22,1,210
1,1,0,2,57,4.44,1,138
2,2,1,1,1,1,1,50
4,1,1,1,0,0,1,85
3,2,1,4,0,0,8,34
1,1,0,2,19,1.45,1,175
3,2,1,3,12,0.17,2,120
1,1,0,6,22,0.33,1,133
2,3,0,30,1,1,1,110
2,2,1,2,5,0.13,1,89
2,3,0,3,2,0.44,1,119
2,1,0,2,49,1,1,169
2,2,1,2,6,0.27,1,99
2,2,0,2,9,1.13,2,174
1,1,0,7,12,0.63,1,75
1,1,0,5,5,1.95,2,220
2,3,0,1,0,0,1,80
1,1,0,2,8,0.59,1,175
5,2,1,1,0,0,1,200
1,3,0,2,1,1,1,125
1,2,1,2,3,3,1,300
1,1,0,2,51,4.71,9,49
1,2,1,30,0,0,18,534
2,3,0,4,2,0.21,1,190
2,1,0,1,3,0.19,1,64
1,3,1,30,3,0.12,87,229
2,1,0,3,4,1.04,3,100
1,2,1,1,1,0.01,1,125
1,1,0,2,129,8.27,1,160
3,3,0,1,0,0,1,200
2,1,0,2,4,0.98,1,150
2,1,0,5,77,1.89,2,275
1,2,0,4,102,1.7,1,200
4,2,1,186,7,0.18,1,79
1,3,0,5,1,0.38,1,200
3,2,1,35,0,0,10,47
1,2,1,30,0,0,8,150
1,2,0,10,169,3.23,1,289
4,2,1,1,0,0,1,55
2,2,1,4,4,0.36,2,75
2,2,1,3,1,0.7,3,155
1,1,0,2,29,3.73,1,75
2,1,1,14,1,0.13,3,50
2,3,0,6,2,1.46,1,69
2,2,1,1,0,0,1,123
1,1,0,14,14,0.57,1,89
2,3,1,1,6,0.46,7,50
1,2,1,6,0,0,1,80
1,2,1,1,9,0.24,2,150
3,3,1,2,5,0.27,5,1000
3,3,1,2,45,1.87,6,120
1,3,1,3,8,0.24,12,599
2,3,0,1,1,1,1,100
3,1,0,29,1,0.3,5,30
4,2,1,3,0,0,2,125
2,1,0,1,29,2.33,2,156
1,2,0,3,8,0.17,1,125
2,2,0,2,53,1.68,1,250
1,1,0,2,82,3.17,2,140
2,1,0,5,9,0.68,1,175
1,1,0,4,65,0.85,1,159
4,3,1,3,36,1.26,5,43
1,2,1,30,0,0,87,189
1,2,1,60,0,0,1,215
1,3,1,30,0,0,49,225
1,2,1,10,30,0.4,1,999
2,1,0,3,5,0.21,2,210
2,1,0,7,3,0.22,1,180
2,2,0,8,5,0.21,1,103
1,3,0,3,1,1,1,175
2,1,0,2,20,1.28,3,40
1,1,0,1,78,4.79,1,95
1,2,1,1,1,1,6,820
2,1,0,3,82,2.22,1,90
2,3,0,4,2,0.23,1,160
1,1,1,30,0,0,49,220
2,3,1,5,0,0,1,350
1,1,0,30,1,0.37,6,63
1,1,1,30,0,0,1,112
2,2,1,2,27,1.79,2,450
2,1,0,2,19,0.4,1,140
1,1,0,5,7,0.38,1,221
1,1,0,2,55,5.54,1,65
2,2,1,3,0,0,5,89
1,3,1,30,27,0.57,11,1000
2,3,1,2,4,0.08,3,81
2,2,1,3,2,0.02,1,200
2,3,1,2,3,0.47,3,68
1,2,0,3,9,0.88,1,111
1,2,1,30,0,0,65,340
1,3,1,2,3,0.26,3,150
2,2,1,3,2,0.06,2,65
2,2,1,30,31,2.7,3,65
3,3,1,2,12,2.4,3,42
2,1,0,4,13,0.54,1,85
2,1,1,1,10,0.17,1,90
2,3,1,12,13,0.34,3,169
4,1,0,2,11,4.46,3,115
1,3,1,1,4,0.08,3,125
2,2,0,2,5,0.32,2,190
2,3,1,2,25,0.43,3,75
1,1,0,30,0,0,232,305
2,3,0,3,0,0,1,200
1,2,0,2,21,2.78,1,135
3,3,0,2,2,2,1,40
2,2,1,30,1,0.11,5,99
2,1,0,7,5,0.3,1,22
1,1,0,2,3,1.23,1,175
2,3,1,1,15,0.34,4,750
1,2,1,90,0,0,1,450
1,1,0,3,6,0.48,1,150
1,1,0,2,12,0.79,1,90
2,1,0,7,26,0.41,1,102
2,1,0,3,55,1.29,1,147
2,3,1,30,6,0.18,5,113
1,1,0,30,0,0,232,305
2,2,1,225,0,0,1,110
1,3,1,30,0,0,49,190
1,1,0,5,9,0.15,1,150
2,1,0,3,5,0.66,1,100
1,1,0,3,6,0.57,1,175
3,1,0,1,22,1.64,2,90
2,1,0,2,48,1.86,1,73
1,2,1,30,4,0.09,1,499
1,2,1,2,0,0,3,100
1,1,0,1,12,1.09,1,200
2,1,0,14,9,0.2,1,98
1,3,1,1,51,2.99,3,25
3,1,0,1,42,2.57,1,89
1,2,1,5,0,0,1,100
1,1,0,2,17,0.37,1,130
1,2,1,7,1,0.14,1,110
2,1,0,2,8,0.13,1,79
2,1,0,2,174,3,2,71
2,2,1,360,0,0,1,300
1,2,0,3,57,0.7,1,104
1,1,0,2,37,1.5,1,191
2,2,1,3,3,0.29,1,120
1,3,0,2,0,0,1,200
2,1,0,4,142,2.34,1,127
1,2,0,4,59,1.36,1,90
2,3,0,3,0,0,1,250
1,2,1,3,2,0.08,12,1599
2,3,1,2,10,0.94,3,68
4,2,0,2,22,4.93,1,100
1,2,1,360,0,0,4,89
2,2,1,1,7,0.76,2,125
2,3,0,2,1,0.11,2,105
1,2,0,2,20,1.34,1,158
3,1,0,1,6,0.79,1,86
1,2,0,3,1,0.05,1,350
3,2,1,5,1,0.11,7,31
2,1,0,2,4,0.13,2,40
3,1,0,29,1,0.15,37,41
2,3,1,3,14,1.14,34,38
1,2,1,30,0,0,65,236
1,3,0,1,1,0.91,1,230
2,2,1,30,0,0,3,49
1,3,0,1,1,1,1,150
4,2,0,1,116,4.09,1,20
2,1,0,2,9,0.25,1,190
1,2,1,3,0,0,1,300
2,3,0,30,0,0,2,190
2,1,1,1,0,0,1,199
1,2,1,1,3,0.38,1,125
3,2,1,30,0,0,10,140
2,1,0,3,9,0.67,1,120
1,1,0,1,4,4,2,500
1,1,0,5,12,7.83,1,195
1,2,0,1,0,0,1,120
1,2,1,2,0,0,1,295
1,2,1,27,0,0,1,337
1,1,0,10,57,1.03,1,85
1,2,1,30,0,0,8,82
3,1,1,1,2,2,2,200
3,3,1,2,3,0.13,3,125
1,2,1,30,0,0,10,280
1,3,0,3,2,0.32,1,485
1,2,1,7,1,0.65,13,169
1,2,1,30,0,0,87,257
3,2,1,1,0,0,1,500
2,3,0,2,1,1,1,90
3,2,1,1,27,0.55,2,90
1,2,1,3,49,0.53,1,299
1,2,1,1,1,0.25,5,175
1,2,1,30,0,0,33,176
3,2,1,4,28,0.59,2,59
1,2,1,30,0,0,23,200
2,2,1,2,9,0.36,1,180
2,2,1,1,1,0.15,1,75
1,2,0,4,15,0.41,1,150
1,3,0,1,0,0,1,125
2,2,1,35,6,0.16,1,1000
1,3,0,3,1,0.07,1,125
2,1,0,2,206,3.5,2,85
2,3,0,1,2,0.22,2,106
1,1,0,2,3,0.11,1,95
1,3,0,3,1,0.42,1,125
1,2,1,7,0,0,13,169
1,1,0,1,49,3.38,2,44
1,1,0,3,34,2.91,1,150
2,2,1,1,0,0,1,60
2,3,0,3,23,0.99,1,100
1,1,0,2,15,0.18,2,136
1,3,0,1,51,5.82,5,209
3,2,1,2,18,0.62,1,96
2,2,1,1,2,0.22,4,999
2,1,0,2,13,1.01,1,200
3,1,0,2,1,0.05,4,120
1,3,1,1,23,0.69,5,300
1,3,0,7,2,0.92,1,139
1,2,1,30,0,0,49,185
2,1,0,1,48,2.64,6,38
1,3,1,1,4,1.48,9,69
1,1,0,1,162,3.29,11,245
1,1,0,1,7,0.52,1,225
1,3,0,4,3,1.13,1,85
2,3,0,2,9,0.27,1,115
1,1,0,5,4,0.85,1,180
2,3,1,3,17,2.26,3,65
2,2,1,2,48,0.8,1,500
2,2,1,3,2,0.1,4,100
2,1,0,1,162,5.7,1,75
2,2,1,1,9,1.03,2,47
1,3,0,4,0,0,1,500
2,2,1,1,9,0.99,1,190
1,1,0,1,21,1.14,1,150
2,2,1,7,1,0.52,2,50
2,3,1,2,15,1.77,3,72
3,3,0,3,2,0.19,1,57
2,1,0,7,12,0.24,1,230
1,3,0,1,0,0,1,750
1,2,0,1,33,2.8,2,100
2,1,0,2,28,1.51,1,48
2,1,0,7,3,0.78,1,100
1,2,1,1,0,0,1,70
3,3,0,1,2,2,1,75
2,3,0,5,2,2,1,99
1,2,0,7,11,0.32,3,120
2,2,1,2,0,0,1,150
2,1,0,2,4,0.17,1,46
3,3,0,29,2,0.29,5,40
3,1,0,2,3,0.84,1,115
2,2,1,1,1,0.07,2,110
1,1,0,14,25,0.75,1,41
2,2,1,4,9,1.07,1,135
1,3,0,2,68,2.35,4,58
1,1,0,4,4,0.65,1,140
1,3,1,1,5,1.38,5,75
1,2,1,30,0,0,50,150
2,1,0,25,12,0.42,1,107
1,2,1,30,0,0,121,219
1,3,1,1,3,0.18,11,65
2,3,0,3,1,0.05,2,125
2,2,1,25,3,0.05,1,155
2,3,1,2,3,1.14,4,100
1,2,1,30,2,0.06,52,87
1,3,0,3,1,0.45,1,49
2,3,0,4,0,0,1,75
2,3,0,2,0,0,1,100
1,1,0,4,6,0.49,1,120
2,2,0,3,106,3.06,1,58
1,2,1,29,0,0,121,239
2,3,1,5,0,0,1,150
2,1,0,3,4,3.64,1,150
2,2,1,2,8,5.45,2,56
1,2,1,30,2,0.14,50,150
2,3,0,4,3,0.44,1,210
3,3,1,1,9,4.91,6,69
1,3,0,30,0,0,1,40
1,3,1,1,35,3.3,3,129
2,3,1,1,6,0.16,3,150
1,1,0,2,5,0.8,1,95
2,2,1,2,21,0.53,1,60
3,2,1,1,1,0.02,2,100
2,1,0,3,15,0.83,1,110
1,3,0,1,2,0.08,1,84
1,2,1,30,0,0,1,200
1,3,0,1,2,0.24,1,69
1,1,0,2,50,2.69,1,45
2,2,1,1,0,0,1,40
2,2,1,2,80,0.98,1,195
3,1,1,30,0,0,1,52
3,2,1,30,0,0,6,57
2,2,1,1,0,0,33,399
2,1,0,3,20,4.96,1,90
1,2,1,1,0,0,2,128
1,2,1,60,0,0,1,82
2,2,1,3,5,0.05,1,280
2,3,1,3,4,0.39,4,290
2,2,1,2,13,0.36,1,100
1,2,1,1,0,0,30,299
2,1,0,1,39,0.98,1,94
5,2,1,2,0,0,1,190
1,3,0,3,200,4.31,1,185
1,2,1,3,1,0.03,12,699
1,1,0,3,118,8.06,1,50
1,2,1,30,0,0,232,233
1,1,0,2,16,1.57,1,200
2,2,1,2,0,0,1,100
1,1,0,1,8,2.09,1,120
2,2,1,2,13,0.65,2,42
2,2,1,5,0,0,3,650
1,2,1,4,7,0.21,1,175
3,3,1,1,4,4,6,99
2,1,0,3,6,0.8,1,80
1,3,0,2,0,0,1,250
1,1,0,2,70,4.6,1,75
2,1,1,30,0,0,7,22
2,1,0,2,10,4.05,1,85
1,1,0,1,3,0.51,1,110
1,2,0,4,67,3.61,1,35
1,1,0,5,13,1.04,1,100
1,3,0,3,3,0.26,1,95
1,1,0,1,84,1.75,1,220
1,2,0,1,4,1.4,1,175
1,1,0,1,180,4.86,2,99
1,2,1,1,1,0.07,11,65
1,1,0,3,38,3.37,2,120
1,2,1,1,0,0,5,240
1,2,1,1,16,0.27,1,115
2,3,0,4,2,0.25,1,150
1,2,1,2,23,0.32,1,300
2,3,0,3,2,0.47,1,80
3,1,0,30,5,0.51,37,45
1,2,1,30,0,0,49,225
2,1,0,2,16,0.85,1,70
1,3,0,4,0,0,1,85
1,2,1,1,0,0,6,4160
1,2,1,30,0,0,8,499
2,3,1,30,21,2.05,3,65
3,2,1,30,14,0.41,2,34
3,2,1,1,3,0.23,1,99
3,1,0,30,10,0.41,1,70
2,3,1,1,54,0.65,4,500
1,2,1,30,0,0,23,195
1,2,1,3,22,0.31,1,120
2,2,1,4,84,0.77,3,135
1,2,1,29,0,0,327,277
1,1,0,2,10,1.16,1,195
1,3,1,30,6,0.23,23,199
1,2,1,2,3,0.05,1,205
1,1,0,3,3,1.88,1,160
1,2,0,2,22,1.57,1,200
1,3,0,5,0,0,1,150
2,1,0,2,7,0.92,1,64
1,3,1,1,3,1.76,6,75
1,1,0,2,5,0.34,1,148
2,2,1,30,1,1,3,79
3,3,0,7,12,0.42,1,150
3,1,0,2,35,0.95,1,200
3,3,1,8,10,0.11,5,350
1,2,1,1,2,0.03,2,220
1,2,1,30,0,0,2,128
3,1,0,3,3,0.16,1,250
1,3,1,1,1,1,1,500
3,3,0,1,1,1,1,150
3,2,1,3,74,0.87,2,150
1,2,1,1,0,0,1,750
1,1,0,30,0,0,232,388
1,1,0,2,6,1.1,2,50
2,2,1,7,1,0.16,9,80
1,3,1,30,0,0,121,239
4,1,0,2,8,0.71,1,33
1,2,1,30,0,0,18,321
3,3,0,3,2,0.32,1,70
3,3,0,30,0,0,37,47
1,2,1,30,0,0,121,239
1,2,1,4,39,0.67,1,860
1,2,1,3,2,0.06,12,699
2,3,1,1,78,2.22,5,150
2,1,0,2,4,1.58,3,140
3,2,1,28,1,0.1,1,80
2,1,0,3,92,3.26,1,100
1,1,1,5,2,2,1,249
4,3,0,1,2,0.12,2,34
1,3,0,3,6,0.47,1,125
1,3,0,1,0,0,1,75
2,1,0,3,96,3.87,1,125
4,2,1,2,1,1,1,45
1,2,1,30,0,0,65,255
2,2,0,2,3,0.48,1,90
2,2,1,1,0,0,1,500
1,3,1,30,0,0,3,75
1,2,1,4,10,0.57,2,132
2,2,1,6,0,0,1,90
1,3,0,2,11,0.94,1,124
1,2,1,30,0,0,18,534
1,3,0,5,3,0.41,1,110
1,1,1,1,1,0.15,30,199
2,3,1,1,0,0,3,120
3,2,1,2,4,4,1,200
2,2,1,1,6,0.42,2,157
2,2,1,2,53,1.37,2,60
1,2,1,1,0,0,1,205
2,2,0,4,63,2.02,1,180
2,3,0,3,2,0.53,1,175
1,1,0,8,5,0.08,1,220
1,1,0,1,56,5.81,1,120
4,2,0,2,10,2.1,1,35
3,3,0,2,6,0.43,4,59
2,1,0,2,15,0.76,1,150
2,2,1,30,0,0,2,200
1,1,0,14,6,0.27,1,99
1,1,0,2,12,1.14,2,300
1,2,1,2,10,1.06,1,430
2,1,0,3,4,1.29,1,65
1,3,0,4,1,1,1,350
2,3,0,10,2,0.9,1,100
4,1,1,3,0,0,1,70
1,3,0,2,2,0.16,1,200
4,2,1,3,5,0.46,2,40
1,3,1,1,109,1.11,3,95
2,3,0,21,1,0.02,2,30
2,1,0,5,13,0.56,1,75
1,1,0,2,23,3.14,2,66
3,2,1,2,1,1,6,41
1,2,1,30,2,0.1,49,232
2,2,0,2,58,1.49,4,207
1,2,1,1,2,0.2,1,1066
1,1,0,2,20,4.29,1,85
1,2,1,30,0,0,23,243
2,2,0,4,12,0.49,1,325
1,2,1,7,0,0,1,400
2,3,0,1,1,1,1,30
1,3,0,13,0,0,1,50
1,2,1,30,0,0,49,184
3,2,1,3,0,0,1,250
2,3,0,1,152,3.8,3,65
1,1,0,1,74,3.66,1,225
1,3,0,5,2,0.11,1,250
2,2,1,3,56,0.96,1,200
2,2,1,2,2,0.22,2,79
3,2,0,3,0,0,1,300
1,1,0,10,25,0.53,1,160
2,2,1,1,0,0,33,119
2,1,0,4,12,0.25,1,200
1,1,0,2,8,0.5,2,200
2,1,0,3,6,0.17,1,150
1,1,0,3,49,1.46,1,85
1,2,1,5,0,0,1,285
2,2,1,4,5,0.07,1,225
1,3,1,3,28,0.55,2,100
2,3,1,1,7,0.95,8,149
3,2,1,2,56,0.67,2,58
2,3,1,1,4,0.19,26,55
2,3,0,1,2,0.23,1,250
3,3,1,1,12,4.74,3,67
1,3,1,2,11,0.32,3,82
1,2,1,1,0,0,1,475
1,1,0,3,3,0.49,1,400
2,1,0,2,7,4.12,1,150
1,2,1,7,0,0,1,100
1,1,0,1,17,1.62,1,160
1,2,1,30,0,0,4,199
2,3,0,6,8,0.33,1,110
1,1,1,1,4,0.15,1,200
1,3,1,2,4,0.42,4,140
1,1,0,3,26,0.58,1,179
2,1,0,5,1,0.37,3,70
3,3,1,5,28,0.81,5,55
1,3,1,4,3,0.09,12,799
2,3,1,30,14,1.26,6,68
1,1,0,2,20,1.47,1,160
2,1,0,4,3,0.4,1,130
2,2,1,1,0,0,1,150
2,1,0,30,38,0.63,2,200
2,1,0,4,6,0.61,1,200
2,1,0,2,26,2.02,4,45
2,1,0,4,91,2.1,2,147
1,1,0,3,1,0.16,1,350
1,2,1,31,1,0.25,33,250
3,1,0,2,103,4.34,2,57
1,2,1,30,0,0,14,190
1,2,1,366,0,0,1,250
2,3,0,3,0,0,1,35
2,1,0,3,24,2.62,1,58
1,3,0,30,3,0.19,7,250
1,1,0,5,4,0.54,2,225
1,1,0,2,0,0,3,180
2,3,0,7,2,1.33,2,50
2,2,1,3,30,0.65,1,200
1,2,1,90,0,0,1,233
2,2,1,3,30,0.6,1,70
1,2,1,30,0,0,65,180
1,1,0,3,15,2.13,3,85
1,1,0,3,15,0.9,1,350
2,2,0,2,113,4.15,2,95
2,2,1,3,0,0,1,250
1,1,0,4,18,1.42,1,200
1,3,0,3,1,1,1,140
1,2,1,30,2,0.28,50,150
3,2,1,2,2,2,2,66
1,1,0,2,36,1.4,1,180
1,1,0,2,7,2.92,1,175
1,1,0,1,13,0.27,1,100
3,1,0,3,25,3.04,1,95
1,1,0,2,104,2.63,1,125
1,3,0,8,0,0,1,250
1,3,0,2,0,0,1,240
1,2,1,7,44,0.74,3,150
3,2,1,2,0,0,1,150
1,2,0,2,11,0.53,1,165
3,2,1,7,6,0.06,5,140
1,2,1,1,0,0,1,199
2,2,1,1,0,0,4,30
3,2,1,1,1,1,1,46
1,3,0,10,2,0.09,1,115
1,1,0,1,68,2.62,1,100
2,2,1,2,14,0.17,2,80
1,3,1,1,103,3.4,10,64
3,3,0,1,24,1.67,1,30
2,3,1,2,7,0.13,3,95
3,1,1,2,20,0.91,4,78
3,2,1,1,0,0,2,120
2,1,0,2,16,0.57,1,64
1,1,0,2,6,2.12,1,174
1,2,1,3,1,0.56,1,96
1,3,0,2,7,5.38,1,78
4,1,0,3,86,1.13,2,60
1,2,1,30,0,0,50,175
1,2,1,1,1,0.11,1,89
3,2,1,1,0,0,1,75
1,1,0,2,12,1.07,1,225
2,2,1,1,0,0,1,900
2,2,1,1,88,2.22,2,99
1,1,0,1,41,1.87,1,110
3,2,1,1,26,0.36,2,349
4,2,1,2,80,1.66,2,105
1,2,1,360,0,0,1,120
1,2,1,30,0,0,65,160
2,3,0,3,1,1,1,310
1,2,1,2,1,0.5,3,39
2,1,0,5,7,0.52,2,130
2,2,1,7,1,0.28,1,100
2,1,0,1,5,0.13,1,58
3,2,1,4,0,0,1,400
1,1,0,5,35,1.32,1,99
2,1,0,3,48,1.42,1,93
2,1,0,30,0,0,1,115
2,2,1,14,0,0,1,250
1,1,0,2,3,3,1,100
1,2,1,3,1,0.07,1,150
3,3,0,1,1,0.16,2,70
1,2,1,2,0,0,11,69
3,2,1,1,0,0,2,66
2,3,1,1,17,1.39,34,38
1,1,0,30,8,0.2,7,250
1,2,1,30,0,0,8,150
3,3,1,2,65,2.87,6,43
2,1,0,2,6,0.8,1,300
1,2,1,30,0,0,87,179
1,2,1,30,0,0,33,175
2,2,1,30,0,0,6,55
1,1,0,2,13,0.68,1,239
2,1,0,3,32,1.64,7,160
2,2,1,1,1,0.58,1,239
2,1,0,3,8,0.36,1,60
2,2,1,7,2,0.06,4,65
1,2,1,30,0,0,87,179
2,3,0,3,1,1,1,250
2,2,1,2,35,0.55,2,85
1,1,0,10,6,0.18,1,90
2,1,0,3,7,0.95,1,90
1,2,1,30,1,0.73,87,190
1,1,0,2,11,3.03,1,89
2,3,1,1,4,4,5,110
1,3,1,30,5,0.55,47,64
1,2,1,5,166,1.68,2,249
3,2,1,2,1,0.07,1,77
3,3,1,1,37,0.97,3,58
2,1,0,2,5,0.11,3,65
2,1,0,4,52,6.5,2,53
2,3,1,1,9,0.21,6,149
2,1,1,1,68,2.27,1,100
1,1,0,3,4,0.28,1,160
1,2,1,1,0,0,1,561
1,2,1,30,0,0,65,234
3,2,1,7,1,0.11,1,35
1,2,1,53,2,0.05,1,250
1,2,1,80,0,0,121,1170
2,2,1,1,0,0,1,1700
2,1,1,1,4,2.03,3,100
1,2,1,30,0,0,65,300
2,1,0,5,4,0.18,1,115
1,2,1,4,0,0,1,225
1,1,0,2,47,2.26,1,196
3,3,0,4,0,0,1,69
1,2,1,28,0,0,1,450
2,1,0,1,10,1.33,2,43
2,1,0,4,5,2.63,1,110
1,1,0,2,52,2.75,1,89
1,1,0,4,5,0.49,1,120
2,3,1,7,7,0.12,1,50
1,2,1,3,17,0.37,1,150
2,1,1,5,2,0.15,2,150
1,1,0,4,4,0.44,1,300
1,2,1,2,0,0,1,1050
1,1,0,3,13,3.45,1,80
1,1,0,2,24,0.91,1,200
2,1,0,4,48,2.16,1,100
3,3,1,5,56,0.66,3,54
1,1,0,10,0,0,2,150
2,2,1,7,0,0,9,70
2,2,1,1,4,0.56,2,100
1,2,1,2,2,0.1,9,69
2,3,0,10,3,0.09,1,89
2,3,0,1,7,0.21,1,105
1,2,1,30,10,0.44,1,499
2,1,0,1,14,0.87,1,80
4,1,0,1,20,2.07,1,26
2,1,0,7,6,0.19,1,159
3,3,0,1,7,4.04,1,100
4,1,0,1,7,0.93,1,75
3,2,1,6,2,0.4,1,175
2,1,0,2,3,3,1,69
3,1,1,2,0,0,5,875
1,2,1,3,1,0.03,12,799
3,2,1,30,68,1.66,2,200
1,1,0,2,51,1.19,3,100
1,2,0,4,25,8.24,1,100
3,3,1,1,3,0.12,4,139
1,1,0,1,0,0,3,20
1,3,0,2,13,5.13,1,113
2,3,0,3,1,0.16,1,200
1,2,1,30,0,0,65,154
1,2,1,180,15,0.35,1,130
1,2,1,30,0,0,49,285
2,3,1,1,5,0.51,33,99
1,3,0,7,1,0.16,1,149
2,2,0,4,11,0.44,1,450
1,2,1,30,2,0.08,121,275
1,2,1,7,4,0.59,47,75
1,3,0,2,0,0,1,400
1,3,1,30,17,0.51,11,1000
1,3,0,7,0,0,1,150
2,2,1,1,1,0.03,11,8000
1,3,0,1,4,1.11,1,35
2,1,0,6,70,2.12,1,70
1,2,1,1,1,0.07,1,100
1,1,0,2,11,3.93,1,140
2,3,0,180,10,0.25,1,105
1,1,0,2,4,0.85,1,200
1,2,0,2,3,0.93,1,69
3,2,1,90,0,0,1,90
1,3,0,3,0,0,1,180
1,1,0,3,5,0.77,1,90
2,1,0,4,33,0.44,2,189
3,2,1,1,3,1.76,1,60
3,2,1,1,2,0.2,4,250
1,1,0,3,71,1.43,1,115
2,2,1,3,0,0,1,95
2,1,0,2,12,0.18,1,69
2,1,1,2,15,1.76,3,68
3,2,1,2,4,0.15,1,86
2,2,1,35,2,0.3,17,55
1,1,0,1,9,6,1,109
5,2,1,7,0,0,3,800
1,2,1,3,1,0.02,1,385
2,3,1,2,8,0.17,3,99
1,1,0,2,16,0.47,1,100
1,2,1,30,0,0,50,150
1,2,1,30,0,0,49,225
2,1,0,3,6,0.95,1,150
3,2,1,30,1,0.05,6,30
3,3,0,2,1,0.01,1,140
2,2,1,4,5,0.45,2,60
1,2,1,30,0,0,4,250
3,3,0,2,1,1,1,300
2,2,1,2,0,0,10,50
3,2,0,3,11,0.48,1,120
3,3,1,6,17,0.34,8,50
2,1,0,5,1,0.05,1,130
2,2,1,31,0,0,2,44
3,2,1,1,0,0,1,199
1,3,0,2,2,0.22,1,175
1,3,1,1,18,2.49,30,179
1,2,1,30,0,0,121,350
1,2,1,120,0,0,1,200
1,2,0,3,32,1.69,1,90
1,3,1,7,4,0.44,47,120
2,1,0,4,8,0.37,1,70
3,2,1,1,2,2,6,95
2,1,0,5,9,1.86,1,285
2,2,0,3,15,2.47,1,75
2,1,1,1,2,0.05,1,100
2,1,0,2,24,3.27,1,130
1,1,0,1,0,0,4,840
2,3,1,30,1,0.45,17,50
2,2,1,30,0,0,14,45
3,1,0,1,20,1.64,4,50
1,3,0,2,2,1.36,2,65
1,3,0,5,1,1,1,170
1,1,0,1,65,3.68,1,94
1,2,1,1,28,0.72,1,80
1,1,0,14,23,1.27,4,499
2,2,1,3,6,0.74,2,75
2,2,0,5,1,0.42,1,300
2,2,0,2,15,0.64,1,180
2,2,1,3,32,0.42,2,150
1,2,1,1,0,0,3,550
2,2,1,1,28,0.71,2,500
1,3,0,3,2,0.05,1,150
3,3,1,31,5,0.22,4,26
1,2,1,30,9,1.42,2,100
1,1,0,3,3,2.05,1,45
2,2,1,1,0,0,1,90
1,2,1,30,1,0.05,50,150
1,3,0,31,1,0.1,1,45
2,1,0,3,11,0.87,1,295
1,2,1,200,0,0,1,160
1,1,0,4,11,0.3,2,67
4,2,1,14,0,0,1,125
1,2,1,3,0,0,2,300
1,3,1,30,3,0.05,9,300
2,1,0,2,21,0.48,3,161
2,3,1,1,176,4.14,8,99
3,2,1,1,1,1,6,90
1,2,0,1,39,1.11,1,50
3,2,1,7,14,0.24,1,100
2,3,0,1,1,0.37,1,40
1,3,0,3,0,0,2,209
2,2,1,5,8,0.11,1,75
2,2,1,1,5,0.22,1,80
2,1,0,4,4,0.34,1,43
2,1,0,2,71,3.22,1,49
1,3,0,3,2,1.13,2,168
5,2,1,31,0,0,1,70
2,2,1,2,1,0.58,4,349
2,2,1,20,0,0,1,100
2,3,1,30,30,2.84,4,65
1,2,1,30,2,0.06,87,199
1,2,1,30,0,0,7,170
4,3,1,1,31,3.01,5,140
2,2,1,2,6,0.12,1,70
3,1,0,2,11,1.73,4,45
2,1,0,1,119,2.57,2,95
3,2,1,3,15,1.18,2,48
3,2,1,365,0,0,1,2350
2,2,1,30,1,0.14,21,158
2,3,1,30,16,1.8,6,63
2,1,0,1,153,2.21,1,125
3,3,0,1,0,0,1,46
1,2,1,30,0,0,87,270
3,1,0,2,37,10.37,1,55
1,2,1,1,7,0.09,2,900
3,3,1,2,3,0.08,3,150
2,2,1,1,0,0,3,140
1,3,0,3,12,0.28,2,450
1,1,0,1,7,0.86,1,189
2,1,0,2,11,1.24,2,75
2,3,1,5,7,0.78,8,31
1,2,1,2,4,0.12,1,1500
2,3,1,1,13,1.33,34,39
1,2,1,20,0,0,1,379
2,3,0,2,1,0.16,2,100
1,2,1,1,0,0,20,199
2,2,1,3,0,0,1,175
2,3,1,1,21,0.3,3,89
1,1,0,5,12,0.31,1,155
1,1,0,2,23,0.62,1,154
2,2,1,2,1,1,3,335
1,2,1,1,135,1.67,1,80
3,2,1,1,0,0,3,150
2,2,1,1,139,1.7,1,70
1,2,1,7,0,0,13,169
1,2,0,1,3,0.22,1,100
3,3,0,2,1,1,1,50
2,2,1,2,23,0.27,1,152
3,3,1,1,5,2.34,3,50
2,3,0,1,1,0.21,2,150
1,2,1,3,7,0.1,1,350
1,1,0,2,16,1.51,1,120
2,2,0,3,36,0.77,1,170
2,1,0,1,10,2.17,1,78
1,1,0,1,73,2.18,1,78
1,2,1,31,5,0.12,1,285
1,2,1,1,0,0,1,50
1,2,1,2,0,0,1,895
1,2,1,2,2,0.04,1,450
1,2,1,3,0,0,6,115
2,1,0,2,205,5.08,1,160
1,1,0,21,14,1.38,1,96
1,3,1,28,16,0.22,3,70
2,3,1,5,5,0.53,8,60
2,1,0,1,0,0,1,65
1,1,0,3,36,1.13,1,150
1,1,0,2,22,0.64,1,200
2,1,0,1,10,1.13,4,65
1,2,1,30,0,0,2,100
1,2,0,2,4,0.1,2,65
2,3,0,4,2,0.81,1,30
2,1,0,1,15,1.42,1,200
2,1,0,2,21,0.54,1,70
1,2,1,30,0,0,33,229
2,2,1,2,5,0.06,2,75
1,1,0,3,49,1.58,1,180
1,2,1,30,8,0.16,1,200
1,3,0,1,1,0.26,1,199
1,1,0,2,6,0.51,1,275
2,1,0,30,2,0.04,6,50
1,1,0,3,28,0.65,1,200
2,1,0,1,40,0.83,1,69
1,3,0,2,0,0,1,150
1,1,0,3,31,1.98,2,180
1,3,0,3,2,0.76,1,180
2,3,0,2,0,0,1,70
2,2,1,365,0,0,1,350
2,3,0,6,0,0,1,120
1,2,1,30,0,0,121,203
2,1,0,1,1,0.17,4,57
2,3,0,3,2,2,1,90
3,2,1,3,23,0.66,1,70
3,1,0,2,5,2.34,1,130
2,3,0,2,59,1.56,1,60
1,3,1,30,5,0.1,52,87
3,1,0,2,6,0.13,1,74
1,2,0,4,6,0.56,1,90
2,1,0,2,6,1.5,1,150
3,2,1,3,4,0.09,1,59
1,2,0,2,1,0.61,1,440
1,1,0,3,6,1.02,1,99
2,2,1,3,0,0,1,90
3,1,0,1,5,0.82,4,70
2,2,0,3,24,0.72,1,100
2,2,1,3,1,0.05,4,80
2,1,0,1,25,1.07,1,200
1,2,1,1,4,0.44,1,250
2,1,0,2,32,3.38,2,95
2,1,0,3,7,1.72,1,102
3,3,0,3,0,0,1,78
2,1,0,5,5,0.68,1,150
2,1,0,2,29,0.59,1,61
2,3,0,2,0,0,1,210
2,2,1,3,14,0.98,1,100
2,2,1,1,0,0,2,130
4,1,1,1,5,1.76,1,70
1,2,1,30,0,0,121,350
1,2,1,30,0,0,7,88
1,2,1,4,1,0.06,1,80
2,1,0,2,51,3.1,1,77
1,2,1,99,0,0,3,79
2,1,0,3,4,0.53,1,180
1,1,0,5,16,0.41,1,60
2,1,0,5,3,0.25,1,44
2,1,0,2,108,1.93,2,80
3,1,0,2,4,2.55,2,60
2,3,1,2,100,1.73,3,80
1,2,1,1,10,0.54,1,1046
1,2,1,30,0,0,2,340
1,1,1,1,0,0,6,1999
2,3,0,2,16,0.45,1,179
2,2,1,2,0,0,1,250
2,3,0,7,2,1.4,1,35
1,2,1,1,66,0.89,1,80
2,2,1,1,11,0.19,1,500
4,2,0,1,0,0,1,20
1,1,0,4,17,0.33,3,549
2,3,0,8,1,0.16,1,50
2,2,1,1,13,0.53,2,52
3,1,0,1,30,3.66,1,120
2,1,0,1,15,3.13,1,72
2,1,0,2,21,2.75,1,100
2,3,1,1,0,0,26,50
1,2,1,3,19,0.3,1,79
1,2,1,30,0,0,50,195
3,2,1,1,0,0,18,135
2,1,0,2,177,4.74,1,59
1,2,1,3,50,0.85,1,150
1,3,1,14,14,0.81,4,490
1,2,1,30,1,0.05,87,225
1,2,1,30,1,0.08,50,210
1,2,1,1,1,0.08,2,99
3,1,0,7,3,1,1,51
1,2,1,2,1,0.39,9,69
1,1,0,30,2,0.11,91,133
1,3,1,3,18,0.89,4,143
3,3,1,2,12,1.51,4,298
2,1,0,1,1,0.05,4,50
1,3,0,3,1,1,1,140
2,3,0,2,1,1,1,200
1,2,1,1,2,0.03,2,800
3,2,1,3,4,0.07,2,100
1,3,0,3,3,0.48,1,350
2,1,0,4,8,0.29,1,170
4,2,1,30,0,0,1,85
1,2,1,7,0,0,1,1000
1,3,0,14,0,0,1,130
2,1,0,4,239,2.89,2,85
1,3,0,3,1,1,1,185
3,2,1,1,18,0.75,6,37
1,3,0,2,2,0.15,1,49
1,2,1,2,7,0.11,1,280
1,2,1,1,1,0.59,2,800
1,3,0,5,2,0.76,2,173
2,2,1,3,3,0.16,1,65
3,2,1,2,49,0.96,1,100
2,1,1,30,26,0.64,1,135
3,2,1,4,28,0.59,1,86
1,3,0,1,0,0,1,80
1,1,0,2,20,3.17,1,250
2,2,1,1,12,1.2,1,750
1,2,1,1,0,0,1,1500
1,3,0,3,139,2.66,2,134
2,2,1,3,7,0.31,2,45
1,2,1,30,0,0,33,216
3,2,1,1,1,0.46,3,75
1,1,0,4,20,0.9,2,50
1,3,1,3,4,0.12,12,699
4,3,1,1,23,2.18,5,65
2,3,0,2,0,0,1,175
3,1,0,14,3,0.3,1,60
1,1,0,4,30,0.45,1,195
2,1,0,2,21,0.29,3,150
1,2,1,1,0,0,1,210
1,1,0,1,65,2.16,1,100
2,3,1,5,18,0.22,3,70
1,1,0,2,0,0,1,100
2,1,0,4,2,0.18,1,260
2,1,0,2,3,1.84,2,61
1,2,1,30,2,0.15,50,222
2,1,0,2,13,0.7,1,90
1,2,1,30,2,0.03,52,130
2,2,1,30,0,0,2,55
1,1,0,2,0,0,1,299
3,1,1,1,0,0,1,89
1,2,1,1,2,0.03,1,5000
1,3,0,2,51,4.77,1,180
1,2,1,1,0,0,1,299
1,1,0,1,24,3.09,1,100
1,1,0,2,17,0.52,1,100
2,2,0,3,18,0.25,1,130
1,1,0,4,13,0.35,1,180
2,2,1,1,0,0,3,55
2,3,1,1,44,1.26,3,85
2,2,1,30,43,3.72,2,109
1,2,1,2,0,0,1,359
1,2,1,1,0,0,14,100
1,2,1,1,2,0.22,2,228
2,1,0,1,70,4.63,3,300
1,2,1,23,0,0,1,1700
1,1,0,4,15,1.04,1,205
1,3,1,3,8,0.24,12,269
1,3,1,30,37,0.68,26,95
1,1,0,4,11,0.18,1,160
1,1,0,30,16,1.08,1,180
2,2,1,7,42,0.61,1,147
2,2,1,3,0,0,2,51
1,2,1,30,0,0,87,200
1,3,0,1,1,0.18,1,155
2,1,0,3,12,0.5,1,100
3,2,1,2,2,0.03,1,100
1,3,1,1,47,2.8,3,129
2,2,1,7,9,0.2,2,400
2,3,0,1,20,10.17,1,99
2,2,1,1,2,0.06,1,55
2,2,1,3,0,0,1,300
1,3,0,3,0,0,1,119
1,2,1,30,36,0.44,1,60
3,2,1,1,0,0,1,208
1,3,0,5,0,0,1,66
1,2,1,1,36,2.52,2,100
1,3,1,45,6,0.63,12,160
1,2,1,60,4,0.06,1,125
1,1,0,2,21,1.08,2,299
1,2,1,30,0,0,33,300
1,2,1,30,0,0,7,200
1,2,1,30,1,0.13,87,269
1,2,1,1,104,1.05,2,109
2,3,0,7,0,0,1,285
2,3,1,1,3,1.73,6,89
3,2,1,1,1,0.16,1,100
1,1,0,3,133,2.39,1,120
2,1,0,3,54,0.65,1,115
1,1,0,30,2,0.15,91,133
2,1,1,3,2,0.1,1,150
3,1,0,2,25,1.83,1,49
2,1,0,2,8,1.27,1,150
1,1,0,1,26,5.03,1,53
2,2,1,4,2,0.07,1,85
1,1,0,1,4,1.4,1,300
4,1,0,1,22,1.4,3,240
3,3,1,2,38,1.53,6,60
2,3,1,30,5,0.11,7,40
1,2,1,30,0,0,7,200
3,2,0,2,10,0.46,1,55
1,1,0,1,5,0.66,1,140
3,3,0,1,0,0,1,70
1,2,1,30,7,0.12,52,84
2,1,0,1,35,1.14,1,50
1,3,1,30,5,0.4,50,150
3,2,1,1,0,0,1,75
1,2,1,150,0,0,1,120
2,1,0,3,3,1.13,1,120
1,1,0,2,13,1.02,1,145
2,1,0,7,7,0.14,1,198
2,2,1,5,1,0.36,1,40
1,3,0,2,33,2.75,1,82
2,1,0,1,13,1.85,1,110
1,2,1,2,15,2.09,1,315
2,1,0,4,47,1.01,1,95
1,1,0,5,22,0.41,1,150
1,1,0,2,41,1.57,2,75
3,1,0,2,11,1.72,4,35
2,1,0,2,16,2.57,1,55
3,2,1,2,53,1.37,1,80
1,2,1,1,17,0.34,1,225
1,3,1,30,4,0.12,11,2000
2,3,0,1,4,4,1,185
1,1,0,30,0,0,232,243
1,1,0,3,55,1.75,2,249
1,1,0,1,7,0.67,1,71
2,1,0,2,44,1.43,1,175
1,2,1,30,0,0,23,195
1,2,1,30,0,0,18,748
1,2,1,30,0,0,49,198
1,3,1,3,7,0.21,12,499
1,3,0,15,5,0.2,1,75
1,2,0,2,15,3.6,1,50
2,1,0,5,42,2.16,1,65
3,3,1,1,1,0.11,5,225
1,1,0,30,5,0.15,1,54
3,3,0,8,0,0,1,86
2,3,0,1,8,3.87,1,65
1,3,1,1,9,3.25,9,85
2,2,1,7,0,0,1,120
1,2,1,30,0,0,49,200
2,2,1,4,3,1.76,1,50
2,3,1,2,0,0,1,275
2,2,0,4,3,1.88,1,95
2,2,1,2,53,0.83,1,45
2,2,1,1,1,0.59,6,89
2,2,1,3,33,0.81,1,70
3,3,1,1,20,6.38,4,51
3,1,0,2,77,1.53,1,49
2,2,1,30,0,0,10,75
2,1,0,2,6,0.25,1,120
2,1,0,4,8,0.29,3,100
2,3,1,15,5,0.7,11,48
2,2,1,2,1,0.04,1,60
3,3,1,1,37,3.31,6,55
1,2,1,6,15,0.44,1,450
2,2,1,30,0,0,2,250
4,1,1,2,0,0,13,68
1,1,0,1,2,0.6,3,110
1,1,0,14,4,0.06,1,350
1,3,0,210,1,0.29,1,130
2,1,0,2,6,0.26,1,150
1,2,1,30,1,0.07,7,275
1,1,0,2,18,3.88,1,88
1,1,0,3,7,6,2,106
1,2,1,30,0,0,65,495
1,2,1,30,0,0,121,369
2,1,0,4,8,0.43,1,245
2,1,0,2,11,1.15,1,55
2,2,1,90,0,0,1,69
2,1,0,1,51,4.47,1,90
1,3,1,2,7,0.23,5,78
2,3,0,2,2,0.75,2,55
1,1,0,7,11,0.3,1,115
4,2,1,1,0,0,4,80
2,1,0,3,21,2.97,1,70
1,2,1,30,0,0,96,165
1,1,0,6,3,2.37,2,135
1,1,0,3,0,0,3,59
1,1,0,3,9,3.55,1,145
1,1,0,2,19,0.55,1,265
2,2,1,3,29,0.84,2,67
4,2,1,2,0,0,1,55
1,3,0,3,0,0,1,224
1,1,0,2,5,0.25,3,250
3,2,1,1,0,0,1,200
1,2,1,30,0,0,33,159
2,1,0,3,3,1.3,2,42
2,3,0,1,1,0.03,1,55
3,2,1,1,17,0.72,2,45
2,1,0,90,53,0.57,2,48
5,2,1,30,0,0,1,45
2,1,0,1,3,0.42,1,80
2,3,1,3,5,0.12,1,75
1,1,0,2,17,0.84,1,170
1,2,0,2,35,4.32,1,100
1,2,1,1,28,0.51,1,150
2,2,1,30,2,0.09,7,26
2,1,0,4,33,0.58,1,200
2,1,0,30,1,0.12,3,35
2,3,0,2,4,1.22,1,170
3,1,0,2,42,2.56,1,99
1,2,1,30,1,0.04,121,239
1,1,1,30,2,0.03,52,150
2,2,1,2,0,0,1,200
3,3,1,1,161,5.74,3,80
1,1,0,4,10,0.6,1,65
1,3,1,1,4,0.61,6,1075
1,2,1,1,11,0.12,2,125
1,3,0,1,1,1,1,165
2,1,0,5,119,3.16,2,40
2,3,0,1,1,0.45,1,125
2,3,1,1,11,0.32,3,250
2,2,1,7,0,0,3,600
1,2,1,30,18,0.21,1,325
4,2,0,3,36,0.84,1,64
2,2,1,2,0,0,1,60
1,1,0,1,4,1.01,1,170
2,1,0,2,7,3.33,1,104
1,1,0,3,37,0.58,1,85
1,2,1,2,0,0,1,699
2,1,0,5,18,0.57,1,190
1,2,1,1,31,0.4,1,100
2,2,0,1,5,1.23,2,400
1,1,0,4,3,1.36,1,204
4,2,1,2,5,1.16,1,70
2,2,1,5,0,0,1,350
1,1,0,3,1,0.25,1,115
1,2,1,1,3,0.38,2,200
1,1,0,1,51,6.95,1,95
1,2,1,1,1,0.16,1,65
1,1,0,3,21,0.89,1,325
2,2,1,9,0,0,1,125
2,1,0,2,248,4.82,2,110
1,1,0,5,5,0.27,1,160
2,1,0,6,7,0.96,1,149
1,2,1,2,34,0.56,1,185
1,1,0,1,358,5.96,1,145
2,1,0,19,5,0.06,2,100
1,1,0,2,22,0.45,1,244
3,2,1,5,2,0.23,7,34
2,3,1,1,39,0.37,6,80
2,3,1,2,23,2.18,3,86
1,2,1,5,2,0.32,2,65
2,1,0,20,3,0.13,1,50
2,1,0,2,50,1.65,1,25
1,3,1,1,13,0.81,10,50
2,2,1,1,54,1.19,1,105
2,2,1,30,2,0.07,4,36
2,1,0,2,48,2.6,2,66
5,1,0,1,20,1.55,1,75
2,2,0,2,14,1.52,2,70
1,1,0,3,41,1.24,1,200
1,2,1,30,0,0,33,163
3,1,0,2,64,6.34,2,65
2,3,1,90,4,0.4,1,200
3,2,1,1,0,0,1,75
1,2,0,1,17,2.33,3,34
2,2,1,2,2,0.04,1,160
3,3,1,1,2,0.26,33,119
5,2,1,3,0,0,1,200
1,2,1,1,0,0,1,450
2,2,1,50,0,0,1,1333
2,1,0,2,12,0.53,1,170
3,2,1,3,0,0,2,45
1,2,0,4,2,0.56,1,180
2,1,0,5,10,0.49,1,65
1,1,0,4,1,0.05,1,150
1,2,1,1,0,0,1,500
1,1,0,2,5,0.49,1,265
1,2,1,2,18,0.41,1,100
1,3,1,3,10,0.7,2,199
2,2,0,2,38,0.61,1,125
2,1,0,5,22,1,1,50
2,1,0,2,3,0.32,1,99
1,2,1,30,1,0.05,50,195
1,1,0,2,2,1.03,1,215
1,3,0,3,1,0.02,1,145
1,1,0,1,0,0,3,54
2,3,0,1,9,1.39,2,160
3,1,0,9,11,0.48,1,79
2,3,0,2,0,0,1,55
2,3,1,1,68,1.31,3,89
1,1,0,3,4,2.61,1,59
3,2,1,1,4,0.27,1,130
2,2,1,31,0,0,3,200
1,3,0,1,0,0,1,100
1,1,0,3,7,0.64,1,90
2,2,1,7,20,0.24,1,200
1,2,1,1,17,0.25,1,135
1,3,0,5,48,2.3,1,125
2,2,1,30,0,0,8,32
1,2,1,1,1,0.05,2,350
3,1,0,4,0,0,3,79
1,1,0,2,3,0.21,1,148
1,2,1,30,2,0.04,52,130
1,3,0,3,1,1,1,95
3,2,1,1,0,0,3,75
2,3,1,1,8,0.13,11,179
1,2,1,4,9,0.65,1,225
2,2,1,2,41,3.5,2,95
2,1,0,2,3,0.9,2,89
2,2,0,3,2,0.11,3,80
1,1,0,6,3,0.37,1,84
1,1,0,2,16,0.77,1,175
2,1,0,6,5,0.07,1,235
3,3,0,3,2,0.38,1,45
2,2,0,1,6,0.97,2,45
2,3,0,7,0,0,2,149
3,1,0,30,4,0.18,4,27
1,2,1,7,2,0.03,2,95
2,1,0,10,3,2.09,1,180
1,3,1,30,4,0.11,121,189
3,1,0,2,11,2.29,1,70
2,3,1,1,9,0.95,3,55
1,2,0,2,33,1.74,1,110
4,2,1,2,24,1.56,2,35
2,3,1,1,5,0.11,5,50
3,3,0,2,2,0.16,1,110
2,2,1,1,10,1.36,2,55
2,1,0,2,45,5.27,1,110
3,2,1,1,0,0,2,70
1,2,1,30,1,0.08,18,748
1,1,0,2,5,0.57,1,145
3,2,1,1,2,0.32,2,62
2,1,0,3,17,1.42,1,100
2,1,0,1,201,4.45,4,72
2,2,1,30,0,0,3,79
1,3,0,7,0,0,1,89
3,1,0,1,48,1.24,1,40
1,1,0,2,8,0.74,1,330
4,1,1,2,3,0.97,1,140
1,1,0,1,147,2.84,1,99
2,1,0,2,5,1.63,1,70
2,2,1,3,5,0.32,2,50
3,2,1,2,18,0.86,2,150
1,1,0,1,15,0.34,2,400
4,2,1,7,10,0.16,1,55
1,2,1,3,20,0.26,1,75
1,2,1,30,0,0,121,302
1,1,0,10,4,0.06,1,199
1,3,0,2,6,0.64,1,230
1,2,1,4,28,0.82,1,170
2,2,1,3,11,0.28,1,150
2,2,1,1,1,0.11,2,155
2,3,0,1,1,0.16,1,285
3,3,0,2,10,1.15,1,49
3,1,0,1,0,0,7,42
2,3,1,1,20,0.45,11,199
1,3,0,30,1,0.59,1,110
2,2,1,28,0,0,1,55
2,2,1,5,21,0.6,2,200
2,3,0,2,5,0.52,1,120
1,3,0,1,1,1,1,70
1,1,0,3,8,2.58,1,160
2,1,0,2,11,0.67,1,70
1,2,1,30,2,0.3,50,150
2,2,1,500,10,0.22,1,50
3,2,1,1,173,6.15,2,50
2,2,1,1,1,1,8,160
2,1,0,3,19,1.1,1,200
1,2,1,1,47,2.2,2,120
2,2,1,7,1,0.79,9,90
1,2,0,2,7,0.64,1,187
1,2,1,29,0,0,96,210
3,2,1,1,0,0,1,150
3,2,1,2,0,0,1,375
1,2,1,1,1,0.81,1,100
2,3,1,1,94,1.85,11,259
2,1,0,3,18,0.54,3,39
1,1,0,2,79,0.96,1,55
1,2,1,1,10,0.42,1,246
1,2,1,1,0,0,1,250
1,3,1,30,3,0.09,121,169
2,2,0,5,4,0.22,1,196
2,1,0,3,8,0.3,2,85
3,2,1,7,1,0.07,1,60
3,2,1,30,0,0,10,47
1,3,0,2,1,0.68,1,175
3,2,1,30,0,0,1,125
1,1,0,2,129,3.01,2,75
1,1,0,3,7,0.16,2,220
1,2,1,2,0,0,1,100
2,1,0,3,3,1.23,1,100
1,1,0,4,3,0.44,1,150
1,3,0,4,0,0,1,109
2,2,1,5,27,0.7,1,99
1,2,1,1,0,0,2,400
1,1,0,2,5,3.19,1,172
1,2,0,2,15,0.65,1,275
1,2,1,2,0,0,3,450
1,1,0,2,6,1.82,1,130
5,2,1,1,0,0,1,1000
2,1,0,3,155,1.61,1,125
3,1,0,29,1,1,7,29
3,2,0,2,188,3.75,2,85
2,2,1,1,10,0.83,2,67
1,1,0,3,24,2.69,1,138
4,1,0,2,1,0.58,3,299
1,1,0,2,3,3,1,100
3,3,1,1,5,4.05,3,75
2,1,0,4,3,0.2,1,100
2,1,0,2,9,2.9,1,295
2,3,0,31,4,0.31,1,73
3,2,1,4,0,0,1,450
1,2,1,1,4,0.08,2,350
2,2,1,1,52,2.48,11,319
1,3,1,30,3,0.1,87,280
2,1,0,1,109,1.52,1,60
2,3,0,4,1,0.16,1,225
1,3,0,3,0,0,1,299
3,3,0,2,2,2,1,108
1,3,0,2,0,0,1,125
1,2,1,1,7,0.14,1,350
1,2,1,30,0,0,32,60
2,1,0,6,7,0.23,2,220
2,1,0,4,5,0.1,1,95
2,2,1,90,47,0.73,1,89
2,3,0,2,1,1,1,89
1,3,0,2,2,1.67,2,135
1,2,1,7,0,0,1,500
1,1,0,5,395,5.16,2,91
1,2,1,3,14,0.22,1,99
2,2,1,370,6,0.09,1,115
1,1,0,30,0,0,232,280
3,1,0,1,25,1.56,1,50
3,2,1,2,1,1,1,90
2,3,1,1,5,0.09,11,4500
3,2,1,2,1,0.16,3,65
1,2,1,30,0,0,33,175
1,1,0,3,26,1.4,1,170
1,3,0,30,0,0,37,29
1,2,1,1,8,0.26,1,99
2,2,0,1,0,0,1,60
2,1,0,12,2,0.17,4,110
1,3,1,3,8,0.25,12,369
1,3,0,2,15,0.41,2,300
3,1,0,3,8,0.67,1,95
1,1,0,2,14,1.21,1,115
3,2,1,1,2,0.09,18,135
1,2,1,365,13,0.23,1,139
2,1,0,4,6,0.58,2,175
2,3,0,5,0,0,1,49
1,1,0,3,32,1.22,1,123
2,1,0,2,3,0.2,1,100
1,2,1,30,1,0.09,50,175
1,3,1,180,0,0,1,230
2,2,1,30,2,0.11,5,34
2,1,0,4,5,0.53,1,145
2,3,1,1,50,1.46,5,250
1,2,1,1,1,0.15,1,3000
2,3,0,4,3,2.2,1,85
1,1,0,6,5,0.16,1,125
2,3,0,10,0,0,1,88
1,2,1,1,20,0.4,1,170
2,2,1,2,0,0,1,1000
2,3,1,30,3,0.08,52,159
1,2,1,28,183,1.83,2,125
1,1,0,3,64,1.29,2,140
1,2,1,30,0,0,87,200
4,2,1,2,77,2.37,2,80
1,3,0,2,1,1,2,90
1,1,0,2,4,1.24,1,225
1,2,1,30,0,0,49,245
2,2,1,20,0,0,1,120
1,2,1,30,1,0.13,5,70
2,1,0,30,2,0.2,3,158
1,2,1,7,1,1,13,169
1,1,0,2,50,0.83,1,80
1,3,1,1,9,0.71,6,750
2,1,0,1,0,0,1,100
1,2,1,1,0,0,1,125
2,3,1,30,5,0.25,5,30
2,2,0,3,23,0.51,1,147
1,3,0,2,16,1.55,1,145
2,3,1,30,5,0.12,7,25
2,2,1,1,2,2,1,180
2,1,0,1,30,2.18,2,140
3,3,0,2,2,2,1,40
2,3,1,1,1,0.02,1,2000
5,2,1,30,0,0,3,50
2,2,1,1,2,0.24,10,50
1,2,1,30,0,0,65,210
2,1,0,1,25,2.52,6,25
2,3,0,12,0,0,1,550
1,1,0,15,33,0.69,2,105
2,2,1,3,0,0,5,79
2,1,0,3,45,2.29,1,200
1,2,1,3,1,0.16,1,246
2,2,1,1,20,0.53,1,67
1,3,0,7,1,0.64,1,131
1,2,1,3,6,0.44,1,188
3,1,0,5,5,0.1,1,69
1,2,1,30,0,0,52,87
2,1,0,2,31,1.26,2,80
1,1,0,4,73,1.27,1,395
1,2,1,1,0,0,1,416
2,1,0,1,67,7.18,4,70
2,3,1,7,14,0.42,3,45
1,2,1,3,9,0.18,2,750
2,1,0,2,115,5.92,2,84
1,3,1,3,3,0.09,12,699
4,2,1,1,8,0.22,1,60
2,3,0,4,1,1,1,65
2,2,1,31,17,0.2,1,275
1,1,0,3,50,1.23,1,160
1,2,1,1,1,0.11,2,80
3,3,0,2,2,0.32,1,120
1,2,0,6,4,0.34,1,200
2,2,1,3,0,0,5,69
1,2,1,30,0,0,65,320
2,1,1,2,13,1.53,3,75
3,1,0,4,5,0.23,2,99
3,2,1,30,1,1,18,35
1,1,0,4,11,1.13,1,150
2,1,0,2,23,0.78,1,148
3,2,1,1,0,0,1,80
1,1,1,1,0,0,1,220
1,1,0,2,31,0.44,1,156
1,1,0,1,28,1.13,4,115
2,2,1,1,0,0,4,35
2,2,1,30,1,0.24,1,166
1,2,1,30,2,0.19,10,350
2,3,0,2,21,1.88,1,35
3,2,0,1,8,0.82,1,75
1,3,0,2,1,1,1,70
2,2,1,5,1,0.02,3,105
2,2,1,1,109,3.19,1,70
2,3,0,2,1,1,1,57
3,2,1,2,0,0,1,200
3,3,1,2,25,0.4,1,75
2,1,0,2,9,0.4,4,48
3,2,1,4,1,0.45,7,30
2,3,1,1,9,0.19,5,50
2,2,1,10,0,0,1,70
2,1,0,2,6,1.94,1,65
1,2,1,30,0,0,1,169
2,2,1,2,31,2.71,2,80
1,1,0,2,3,3,1,197
3,3,0,29,2,0.71,7,33
2,1,0,2,14,0.58,1,60
3,2,1,2,4,0.19,1,250
2,2,1,1,28,0.36,1,75
3,2,1,1,8,0.11,2,45
1,2,1,3,0,0,1,150
2,3,0,1,2,0.63,2,75
1,1,0,3,145,2.63,1,239
1,2,1,30,0,0,1,350
2,2,1,1,75,1.45,1,165
2,2,0,1,51,2.89,1,63
2,2,1,1,18,0.98,1,100
2,2,1,2,1,0.16,1,300
1,3,0,3,1,1,1,390
1,1,0,3,12,0.36,3,160
2,1,0,2,6,0.4,1,260
2,1,0,7,26,0.75,1,100
1,2,1,4,32,0.56,1,129
3,1,0,2,3,1.96,1,36
1,2,1,30,0,0,18,748
1,1,0,3,12,0.21,1,230
1,2,1,1,0,0,2,307
1,2,1,28,2,0.07,4,99
1,1,0,7,4,0.37,1,250
2,1,0,4,58,1.21,3,155
3,3,1,3,0,0,4,45
2,1,0,7,8,0.58,1,80
1,1,0,3,69,1.78,1,110
4,2,1,3,1,1,1,125
1,3,1,14,13,0.77,4,450
2,1,0,2,149,4.6,1,170
2,2,0,2,44,4.04,2,37
2,2,1,1,0,0,33,119
4,2,1,3,0,0,2,100
1,1,0,3,32,1.39,1,120
1,1,0,1,49,1.11,1,175
1,2,1,1,1,0.02,2,130
1,3,1,1,4,2.03,2,65
1,2,1,7,0,0,1,100
1,3,1,30,7,0.18,52,87
3,1,0,1,9,1.03,1,100
1,2,1,29,0,0,327,200
3,2,1,1,27,1.46,1,135
2,2,1,90,0,0,1,100
2,3,0,7,1,0.09,1,125
1,2,1,30,0,0,65,290
1,1,1,2,0,0,2,75
1,3,1,30,0,0,18,748
1,1,0,2,3,1.32,1,119
1,2,1,31,2,0.1,8,136
1,2,0,1,34,4.25,1,35
2,3,0,3,2,0.98,1,109
3,2,1,1,0,0,18,135
2,2,1,30,1,0.09,10,35
2,2,1,1,0,0,33,119
3,2,1,1,0,0,3,88
2,2,1,30,0,0,7,28
1,3,0,4,21,1.46,2,150
2,1,0,2,137,5.78,1,125
1,1,0,8,19,1.3,1,149
2,3,1,1,10,3.75,4,90
1,1,0,7,9,0.53,1,92
1,2,1,3,1,0.09,1,250
2,3,0,4,0,0,1,150
2,1,0,6,12,0.24,1,450
1,3,0,5,42,2.87,1,10
3,2,1,1,0,0,1,100
1,2,1,30,0,0,1,200
1,2,1,30,0,0,14,190
2,2,1,26,30,0.29,1,175
1,3,0,2,0,0,1,75
1,1,0,3,15,0.7,1,126
1,1,0,2,9,0.49,1,225
3,2,1,2,1,0.18,1,250
3,2,1,30,0,0,10,47
1,1,1,30,1,0.05,121,239
1,1,0,6,1,0.18,1,179
1,2,1,30,1,0.07,7,225
2,1,0,3,58,3.14,1,85
3,2,1,1,0,0,18,135
1,3,0,1,0,0,1,40
2,2,0,4,7,0.63,1,150
1,3,0,1,0,0,1,95
1,3,0,4,2,1.36,1,150
2,2,1,1,5,0.7,1,179
1,2,1,30,0,0,23,195
1,1,0,2,2,0.06,1,180
3,2,1,1,209,4.38,1,60
1,1,0,3,3,0.38,1,160
1,3,1,1,9,2.23,4,79
1,1,0,5,22,1.45,1,54
3,3,0,1,2,0.32,1,100
2,3,0,3,13,0.99,1,128
3,1,0,31,4,0.11,1,99
1,3,0,2,2,0.17,1,180
3,2,1,7,7,0.49,1,55
2,1,0,3,12,2.88,1,215
2,2,1,1,1,0.05,2,206
1,1,0,2,12,2.35,1,60
1,2,1,3,12,0.24,1,510
2,2,0,3,14,1.12,1,95
1,3,0,1,2,0.94,2,98
1,2,1,180,0,0,4,100
1,2,1,30,1,0.04,23,150
1,2,1,30,1,0.03,121,199
1,1,0,4,0,0,1,250
3,3,1,7,38,0.38,5,265
2,1,0,2,61,5.23,1,75
1,1,0,4,60,1.01,1,220
1,1,0,7,17,0.53,1,180
2,1,0,1,2,0.07,4,60
1,1,0,1,145,7.64,1,69
2,1,1,2,5,0.16,1,99
1,1,0,2,30,0.8,3,115
2,2,1,1,1,0.68,33,119
1,3,0,15,1,0.1,1,150
2,2,1,2,1,0.08,1,225
1,2,1,30,0,0,33,200
2,2,1,4,12,0.17,1,135
2,1,0,10,3,0.43,1,117
3,1,0,30,2,0.32,37,55
2,1,0,3,0,0,4,70
2,2,1,3,0,0,1,250
1,1,0,1,4,0.2,1,70
1,3,0,3,0,0,1,160
1,1,0,2,18,1.22,1,180
2,1,0,1,5,1.53,1,90
2,3,1,5,11,0.13,3,77
2,2,1,1,54,1.15,1,250
2,2,1,4,9,0.23,3,135
2,1,0,3,9,0.37,1,225
2,1,0,2,10,1.18,1,120
3,3,1,1,18,0.8,6,45
2,1,0,2,3,0.4,1,125
1,2,1,2,12,1.34,1,270
2,1,0,3,9,1.38,1,155
1,2,1,30,14,0.27,2,179
2,2,1,1,0,0,6,69
2,3,1,30,35,3.06,3,65
1,2,1,56,0,0,1,125
2,2,0,2,0,0,1,200
1,3,0,1,1,1,1,135
2,1,0,2,17,1.31,2,60
2,3,0,2,1,1,1,265
1,2,1,30,0,0,65,410
2,3,1,2,14,1.65,3,70
2,2,1,1,2,0.06,2,400
1,2,1,1,0,0,1,346
3,3,0,2,0,0,1,40
2,3,0,1,7,2.56,2,110
2,2,1,1,4,0.63,2,140
1,1,0,1,28,2.78,2,80
1,2,1,5,2,0.09,1,145
3,2,1,1,10,0.17,1,149
1,2,1,1,2,0.05,1,2400
2,2,1,2,0,0,1,89
2,3,1,30,3,0.08,52,129
1,1,0,6,9,0.49,1,589
1,2,1,30,0,0,33,225
2,2,1,1,4,2.26,2,100
3,1,1,4,4,0.41,7,30
1,1,0,2,10,0.58,1,150
2,3,1,16,5,0.12,5,414
2,1,0,2,70,3.64,1,55
1,2,1,1,9,0.19,1,80
2,1,0,7,5,0.15,2,250
1,2,1,2,14,2.19,1,250
3,2,1,7,1,0.04,1,75
2,1,0,3,6,0.43,1,100
2,2,1,30,0,0,7,31
2,1,0,2,6,1.78,1,50
2,2,1,1,0,0,3,75
3,3,1,2,43,1.99,10,43
1,2,0,10,12,0.33,1,150
2,3,0,1,11,7.17,1,90
1,1,0,5,17,1.95,1,149
1,2,1,3,1,0.03,12,649
1,2,1,30,0,0,49,205
1,2,0,5,0,0,1,300
2,3,1,2,8,0.23,3,254
1,1,0,5,7,0.57,1,195
1,3,0,2,0,0,1,800
1,3,0,3,1,0.17,1,45
1,3,0,3,25,2.4,1,149
2,1,0,1,65,3.88,1,29
1,2,1,30,0,0,18,748
1,1,0,2,11,1.04,1,165
2,1,0,7,4,0.21,1,95
2,3,0,2,0,0,1,119
2,2,1,2,5,0.55,6,30
2,1,0,7,6,0.12,1,80
3,2,1,4,0,0,7,30
2,2,1,3,9,0.69,1,100
1,1,1,30,17,0.33,1,233
2,2,1,4,61,1.33,1,150
2,1,0,3,16,0.39,1,298
2,2,1,90,91,1.59,1,200
2,3,1,1,21,1.77,34,38
1,3,0,5,2,0.17,1,495
1,2,1,1,0,0,6,6800
3,3,0,30,0,0,1,35
2,1,0,1,34,2.74,2,70
1,2,1,365,0,0,1,135
2,3,1,3,12,1.07,34,38
1,1,0,3,3,3,1,35
1,1,0,2,3,0.22,1,115
2,1,0,2,54,3.17,2,140
2,1,0,4,12,0.37,1,150
3,1,0,5,14,0.49,1,90
1,1,0,3,6,0.63,2,100
1,1,0,1,49,4.16,4,79
1,2,1,30,0,0,4,200
2,1,0,3,10,0.76,1,162
1,1,0,4,22,0.58,1,260
1,1,0,5,19,0.56,3,77
2,1,0,1,68,3.74,1,100
2,1,0,3,16,0.65,2,60
1,1,0,2,18,1.74,1,148
1,2,1,30,2,0.21,50,150
3,2,1,3,1,1,1,150
1,1,0,3,40,1.05,1,150
1,1,0,2,18,0.48,1,115
3,1,0,4,6,0.32,1,81
3,2,1,1,35,1.23,2,109
2,1,0,2,8,2.67,1,200
1,2,1,30,1,0.03,121,239
2,3,0,25,0,0,1,50
2,3,1,1,111,3.06,3,70
1,1,0,1,5,5,1,60
1,1,0,2,3,0.13,1,200
2,2,1,2,0,0,1,250
2,2,1,3,31,0.4,1,249
2,1,0,4,5,2.27,1,75
2,2,1,30,35,2.97,2,95
1,2,1,60,0,0,1,100
2,2,1,1,0,0,1,200
3,2,1,3,0,0,1,80
3,2,1,2,0,0,5,1000
1,2,1,1,0,0,1,550
1,2,1,1,2,2,14,350
2,2,1,180,4,0.12,1,99
3,2,1,1,35,0.92,1,225
1,2,1,30,0,0,87,215
2,1,0,1,100,4.03,1,50
3,2,1,4,2,0.33,8,59
1,3,1,2,3,0.38,6,2000
1,2,1,30,0,0,65,285
2,1,0,2,18,0.77,1,77
2,2,1,1,35,0.92,2,50
1,2,1,30,1,0.19,50,175
2,1,0,2,19,2.18,1,190
2,3,0,25,1,0.27,1,100
1,1,0,4,11,0.93,1,180
2,3,1,30,4,0.07,52,199
1,3,0,2,49,3.79,1,125
1,1,0,4,206,4.24,1,450
1,2,1,30,0,0,87,268
2,1,0,6,6,0.45,2,100
1,2,1,30,2,0.03,1,275
2,1,0,2,6,0.68,4,50
2,1,0,2,25,0.44,1,199
1,3,0,4,0,0,1,250
1,2,1,30,0,0,2,200
1,1,0,7,26,0.54,1,195
2,1,0,2,12,1.08,1,100
2,2,1,1,5,0.15,2,200
2,2,1,7,122,1.91,2,122
1,2,1,1,0,0,2,150
2,3,1,1,18,1.53,34,36
2,1,0,1,41,4.42,2,60
4,1,0,3,32,1.59,1,125
2,1,1,60,3,0.04,1,100
2,1,0,6,4,0.22,1,130
3,1,0,2,5,5,1,65
2,1,0,5,5,0.58,2,45
1,1,0,1,58,1.49,1,210
1,1,0,2,26,1.14,2,95
2,1,0,15,22,0.47,2,100
1,3,0,4,0,0,1,180
1,2,1,30,0,0,12,169
2,1,0,2,6,1.89,2,76
1,2,1,5,0,0,1,1000
1,3,1,3,11,0.18,3,60
1,2,1,30,0,0,65,210
2,1,0,3,5,0.27,1,90
2,2,1,2,0,0,1,80
1,2,1,1,0,0,1,390
1,1,0,30,11,1.24,1,140
4,2,1,30,16,0.24,1,140
4,2,1,4,36,1.36,1,65
2,1,0,4,35,2.36,2,34
2,2,1,2,11,0.14,1,150
3,2,1,1,0,0,3,101
1,1,0,2,3,1.55,1,500
2,3,1,1,9,0.25,3,450
3,2,1,60,0,0,1,109
1,3,1,30,32,0.37,7,80
3,2,1,1,0,0,1,443
3,2,1,5,1,1,8,30
1,2,1,29,1,0.08,96,207
1,1,0,7,5,0.43,3,59
1,3,0,4,2,1.36,1,170
2,3,0,4,2,2,1,45
3,1,1,1,4,4,7,60
1,1,0,2,11,1.76,1,130
1,2,1,1,37,0.45,1,110
2,2,1,1,1,0.27,10,57
1,3,0,3,0,0,1,450
3,2,1,1,52,4.92,1,110
1,2,1,30,0,0,65,200
1,3,1,30,3,0.06,39,250
3,2,1,2,2,0.11,1,50
1,1,0,1,61,2.67,1,120
1,2,1,30,1,0.09,50,195
1,3,1,30,39,0.72,4,275
3,2,1,7,10,0.77,1,200
2,3,0,2,5,0.66,1,160
1,2,1,4,6,0.44,1,250
2,1,0,4,47,1.66,1,140
2,3,1,180,0,0,1,300
2,3,1,7,4,0.49,9,65
1,1,0,3,3,2.09,1,499
4,3,1,2,38,0.5,13,105
2,1,0,2,33,0.85,1,225
3,1,0,1,14,2.8,1,150
2,2,1,3,0,0,2,65
2,2,1,2,0,0,2,315
2,1,0,5,13,0.3,1,119
2,1,0,4,13,0.56,1,150
1,3,1,30,59,0.71,11,2000
2,3,0,15,0,0,2,55
1,3,0,1,1,1,1,100
1,1,0,7,29,0.46,1,303
2,2,1,1,0,0,33,119
1,2,0,2,76,3.95,1,109
2,2,1,2,0,0,1,70
1,2,1,5,1,0.1,1,799
3,3,1,1,47,1.48,6,65
2,3,0,3,2,0.16,1,130
1,1,1,1,22,0.47,1,69
2,3,1,30,3,0.13,7,28
1,3,1,1,3,0.4,3,99
2,1,0,2,44,1.33,1,60
1,2,0,2,0,0,1,250
3,3,1,7,4,0.18,7,198
2,2,1,15,3,0.14,2,100
1,2,1,3,0,0,1,395
1,2,1,30,4,0.14,2,50
3,1,0,4,42,0.89,2,80
2,1,0,2,186,3.89,1,69
2,2,1,2,5,1.58,2,165
1,1,0,3,11,0.84,3,374
2,1,0,2,13,0.66,1,100
1,1,0,2,29,1.96,1,80
2,3,0,1,0,0,1,55
1,3,1,30,1,0.07,87,200
1,2,1,30,0,0,49,350
1,2,1,90,0,0,65,382
1,1,0,1,4,0.97,1,55
1,2,0,2,9,0.48,1,330
3,2,1,7,12,0.18,1,69
2,3,1,30,4,0.15,4,30
2,1,0,14,3,0.24,3,150
3,3,0,2,2,0.76,3,268
1,3,1,1,3,2.43,14,450
1,1,0,2,66,2.24,4,59
3,2,1,1,0,0,2,70
1,2,1,2,1,0.16,1,39
2,3,0,3,2,0.4,1,100
3,3,0,3,2,0.32,1,150
1,3,1,30,4,0.12,91,159
2,2,1,30,0,0,1,4500
1,3,0,1,1,1,1,80
1,1,0,1,44,6.38,3,79
1,3,1,2,10,0.47,9,69
1,3,0,2,0,0,1,115
2,3,0,2,8,1.22,2,70
1,3,0,3,0,0,1,129
2,2,1,3,2,1.2,8,75
1,2,1,1,83,4,2,129
1,3,0,2,0,0,1,295
1,1,0,2,25,2.06,1,120
2,1,0,1,37,1.53,1,200
1,3,1,1,20,5.17,5,75
1,1,1,30,0,0,65,185
1,3,0,7,15,3.46,1,110
2,2,1,3,0,0,3,125
1,1,1,1,2,1.58,7,79
1,2,1,30,0,0,49,160
2,2,0,2,23,1.86,1,120
2,2,1,3,13,1.54,3,68
1,2,1,1,12,0.39,6,1020
2,2,1,1,1,0.75,1,290
1,2,0,2,10,1.25,1,132
1,1,0,5,3,0.28,1,110
2,2,1,28,2,0.05,1,59
2,1,1,8,23,0.36,4,285
1,2,1,1,10,0.26,1,250
1,2,1,1,2,0.22,3,369
1,2,1,30,0,0,121,199
2,2,1,1,6,0.67,1,750
1,3,1,30,4,0.12,96,160
1,1,0,3,21,1.12,2,65
2,3,0,2,3,0.12,1,110
1,3,0,1,6,2.77,1,195
2,3,0,1,0,0,1,70
2,1,0,2,14,2.46,1,50
2,2,1,1,0,0,10,48
2,3,0,3,26,0.68,1,55
1,2,1,30,0,0,23,135
3,2,1,2,4,0.28,1,65
2,1,0,3,10,0.38,1,84
2,2,1,30,0,0,1,55
1,3,1,30,6,0.12,52,97
1,3,0,3,2,0.52,2,295
1,3,0,4,1,0.16,1,205
3,2,1,1,0,0,2,59
3,1,0,30,1,0.57,103,67
2,2,1,3,40,0.63,1,70
2,1,0,2,10,0.83,1,120
1,2,0,30,0,0,232,215
1,2,1,2,15,0.3,2,375
1,3,0,3,6,0.8,1,219
2,1,0,2,13,1.32,1,136
2,1,0,7,3,0.24,1,250
1,2,1,3,0,0,2,199
1,3,0,3,37,2.85,1,200
2,1,0,2,28,0.83,2,149
1,1,0,1,127,3.61,1,170
2,2,1,1,1,0.03,1,1100
1,3,0,1,0,0,1,150
2,2,1,2,1,0.11,6,35
2,3,0,28,0,0,1,100
1,1,0,5,3,0.39,1,43
2,2,1,3,0,0,1,300
1,2,1,5,2,0.11,2,210
3,1,0,3,16,2.42,2,55
2,2,0,4,0,0,1,169
2,1,0,2,27,0.35,1,50
2,1,0,7,4,0.92,1,40
3,2,0,5,8,0.26,1,40
3,2,1,5,6,0.38,1,72
2,1,1,30,4,0.21,10,38
1,1,0,14,2,0.06,1,95
1,1,0,5,4,0.59,1,55
4,2,1,1,1,0.11,1,300
1,2,1,7,44,0.94,2,500
4,1,0,2,62,2.76,5,42
3,3,1,2,9,1.38,3,50
2,2,0,30,4,0.43,1,200
1,1,0,1,31,3.39,1,115
1,1,0,1,32,2.02,1,90
2,3,0,4,0,0,2,200
1,1,0,4,3,0.19,1,200
1,2,1,3,1,0.05,12,999
4,2,1,1,31,1.7,2,69
2,1,0,2,19,2.52,1,50
1,3,1,1,129,4.7,3,80
1,2,1,1,19,0.39,1,85
3,3,1,1,7,0.2,4,199
2,1,0,3,1,0.6,3,90
1,2,1,30,0,0,7,170
1,2,1,1,0,0,1,300
2,1,0,2,74,1.65,1,140
2,2,1,30,1,0.15,6,50
1,1,0,2,10,0.45,1,265
1,3,0,3,2,0.13,1,225
2,1,0,2,14,1.45,1,150
1,1,0,3,59,1.17,1,185
1,1,0,14,5,0.2,1,300
1,2,1,30,0,0,87,179
1,1,0,29,0,0,96,225
1,3,1,30,3,0.06,52,110
2,1,0,2,6,0.27,1,155
1,2,1,30,1,0.51,8,82
3,2,1,9,0,0,2,62
1,3,0,1,52,3.24,1,479
1,2,1,4,3,1.11,1,355
1,3,0,4,1,0.07,1,90
1,2,1,30,0,0,121,249
2,3,1,3,19,0.36,4,500
2,3,0,30,1,1,1,186
1,3,0,2,3,0.38,1,80
2,2,1,1,23,0.74,2,50
2,1,0,3,21,0.44,1,275
1,2,1,1,6,0.1,1,250
2,3,1,4,3,0.07,5,130
1,3,0,4,1,0.14,1,250
2,2,0,2,26,0.45,2,65
1,2,1,3,14,0.24,1,148
1,1,0,5,18,2.19,1,125
1,2,1,29,0,0,327,209
1,2,1,3,7,4.04,1,135
2,1,0,1,18,0.7,1,160
1,3,0,3,0,0,1,350
1,2,1,180,0,0,65,433
2,1,0,2,22,0.54,1,97
1,3,0,7,0,0,1,175
1,2,1,1,24,3.17,1,175
1,2,1,1,0,0,2,227
3,2,1,2,16,0.48,2,27
1,2,1,1,32,1.39,2,285
1,1,0,2,220,2.85,1,131
2,3,0,2,2,0.85,1,85
2,1,0,3,6,0.79,1,119
1,1,0,30,5,0.1,39,185
2,3,0,7,1,0.16,1,140
2,2,1,1,0,0,1,750
1,2,0,1,0,0,4,315
1,1,0,3,28,1.25,1,150
1,1,0,4,4,0.29,1,62
1,3,0,1,0,0,1,49
1,2,1,1,1,1,5,750
1,1,1,30,0,0,33,180
3,1,0,1,55,3.92,1,99
1,2,1,30,0,0,49,285
2,1,0,7,5,0.39,1,100
2,1,0,2,24,0.98,1,40
1,1,0,3,41,2.23,1,120
2,3,0,2,2,2,1,123
2,2,0,5,4,0.33,1,200
2,2,1,2,1,0.04,1,89
2,2,0,60,15,1.21,1,80
1,3,0,3,1,0.41,2,135
2,1,0,7,11,1.3,1,130
1,2,1,2,0,0,1,300
1,1,0,3,12,0.27,2,150
1,1,0,4,14,0.9,2,112
1,2,1,1,0,0,5,99
2,3,1,2,132,3.46,3,69
2,1,0,2,15,1.16,1,95
2,2,1,7,0,0,5,200
2,1,0,3,9,0.34,2,60
1,2,1,30,1,0.02,2,185
3,2,1,1,1,0.02,1,70
2,1,0,1,183,5.17,1,100
3,2,1,2,26,1.18,2,80
2,3,0,2,0,0,1,95
1,1,0,5,11,0.69,2,90
3,1,1,1,3,0.28,1,110
3,1,0,30,2,0.58,15,35
3,1,0,3,5,0.45,2,89
1,1,0,3,12,0.53,1,170
1,2,1,6,1,0.41,1,340
1,2,1,1,0,0,1,1000
2,1,0,2,134,3.26,1,79
1,2,1,30,0,0,7,88
2,2,1,2,0,0,3,45
2,2,0,3,6,0.78,1,45
4,2,1,2,36,0.96,1,51
2,2,1,3,0,0,1,100
5,2,1,1,1,1,2,100
3,2,1,29,14,1.7,1,200
3,2,1,3,40,1.45,2,120
1,1,0,5,23,0.84,1,360
1,2,1,30,1,0.04,121,239
2,2,1,1,0,0,5,130
3,2,1,2,0,0,1,200
2,3,1,2,3,0.37,10,45
1,2,1,30,2,0.16,52,87
1,2,0,3,6,2.28,1,200
3,3,1,1,4,4,6,99
2,3,1,1,4,0.12,4,40
1,2,1,30,0,0,1,175
2,2,1,30,0,0,3,70
2,2,1,3,1,0.02,2,175
1,3,0,1,1,1,1,100
2,2,1,1,2,0.88,2,50
1,3,0,1,0,0,1,315
3,1,0,2,113,4.04,2,39
3,2,1,2,6,0.76,6,30
2,3,0,29,2,0.17,1,32
2,1,0,4,77,1.92,1,120
3,2,1,5,43,3.61,2,70
1,1,0,3,211,3.72,1,71
2,1,0,3,26,2.43,1,90
1,3,1,1,20,2.76,30,179
3,2,1,7,0,0,2,250
1,2,1,1,0,0,1,995
2,1,0,2,30,2.65,2,75
1,3,0,2,2,2,1,135
4,2,1,1,7,3.5,2,45
1,1,0,3,17,0.21,1,200
1,2,1,1,0,0,1,950
1,1,0,1,0,0,6,55
1,3,1,2,13,0.39,12,649
1,2,1,3,5,0.07,1,99
1,2,1,2,3,0.15,1,150
1,1,0,30,1,0.19,232,332
4,2,1,6,0,0,1,100
3,2,1,1,1,0.05,18,135
3,1,0,30,1,0.43,37,43
2,2,1,3,23,1.95,1,265
1,2,0,2,2,1.36,1,200
1,1,0,2,21,1.83,1,195
3,2,1,2,0,0,1,99
4,2,1,2,1,0.37,13,75
1,2,1,2,11,0.83,1,65
1,2,1,30,0,0,87,238
1,1,1,29,0,0,327,254
1,3,0,3,28,2.36,1,69
2,1,0,3,13,0.16,1,35
1,3,0,1,1,1,1,120
2,2,1,3,31,1.11,1,44
3,2,1,1,10,4.41,1,60
1,1,0,4,6,0.14,2,449
2,1,0,3,18,0.33,1,100
2,3,0,2,8,5.45,1,175
1,1,0,3,69,1.7,1,80
3,2,1,3,3,0.48,2,80
1,1,0,6,33,1.36,1,195
3,1,0,1,50,4.81,1,55
3,1,0,2,142,5.03,2,45
2,2,1,1,1,1,5,100
1,2,1,30,0,0,1,9999
4,2,1,3,1,0.09,1,33
1,3,0,3,0,0,1,90
2,3,0,2,0,0,1,220
1,2,1,180,0,0,1,6500
2,2,1,1,0,0,5,350
1,2,1,30,30,0.27,2,98
1,1,0,4,23,0.72,1,133
2,2,1,3,4,0.07,2,175
2,1,0,2,9,0.21,1,150
1,2,1,30,0,0,121,279
2,2,1,1,7,1.83,1,100
1,2,1,1,1,0.81,11,399
2,2,1,3,74,1.17,1,500
3,1,0,29,2,0.38,7,35
3,1,0,3,12,1.02,1,46
1,2,1,30,1,0.03,49,180
1,1,0,3,16,0.34,1,80
1,3,0,4,11,0.61,3,73
1,3,0,5,2,0.15,1,110
1,2,1,1,0,0,6,3210
2,3,0,3,11,0.8,1,150
2,2,1,30,0,0,3,73
2,3,0,4,9,0.22,1,85
4,2,1,1,0,0,1,150
1,3,0,1,1,0.02,1,100
1,3,1,1,56,0.64,1,89
1,3,0,3,2,1.36,1,180
1,1,0,1,46,1.93,1,80
1,3,1,30,12,0.24,18,100
1,1,0,3,23,1.02,2,135
1,1,0,1,53,7.64,3,55
1,2,1,30,1,0.08,50,175
2,3,0,2,8,1,1,200
2,3,1,1,7,0.36,17,129
1,2,1,1,0,0,20,199
2,1,0,3,71,1.85,2,50
2,2,1,30,0,0,2,65
2,3,0,3,7,1.11,1,95
2,2,1,4,0,0,1,200
2,3,0,3,0,0,1,200
4,3,1,1,7,0.14,7,45
2,1,0,3,22,1.09,1,60
1,2,0,4,0,0,1,57
2,1,0,2,8,0.31,1,120
3,3,1,1,15,0.68,4,26
1,2,1,90,0,0,49,500
3,1,0,1,14,4.77,2,65
1,1,0,2,4,0.59,1,150
2,3,1,2,6,0.27,3,150
1,3,1,30,6,0.16,3,65
2,2,1,2,2,0.11,1,71
2,2,1,7,0,0,1,60
3,3,1,1,6,0.18,4,249
1,1,0,29,10,0.17,1,120
1,1,0,2,36,1.38,1,115
2,2,1,4,9,0.18,1,160
1,2,1,30,0,0,121,239
2,1,0,3,16,0.49,1,250
3,2,1,1,2,2,6,50
1,3,0,3,2,0.11,1,165
1,1,0,3,38,0.89,1,133
3,2,1,90,15,0.32,1,55
1,1,0,7,0,0,1,145
2,2,0,1,86,2.16,1,49
2,1,0,2,7,0.76,1,250
2,2,1,1,2,0.04,2,100
2,1,1,1,35,0.81,2,206
2,2,0,1,70,6.84,1,34
4,2,1,2,41,0.74,13,68
1,1,0,2,9,0.74,2,156
3,2,1,2,72,0.89,1,80
2,3,1,30,63,0.77,3,300
2,3,1,1,3,1.34,2,99
2,2,1,1,0,0,1,150
1,3,0,30,0,0,1,175
2,3,0,2,0,0,1,200
3,1,0,6,15,0.46,1,119
1,3,0,3,0,0,1,695
2,1,0,2,20,0.24,1,149
2,1,0,4,11,0.59,1,90
1,1,0,1,4,0.57,1,150
2,2,0,5,0,0,1,195
3,2,1,30,2,0.08,6,30
2,1,0,1,6,0.5,1,124
1,2,1,30,0,0,1,239
1,1,0,4,15,4.55,1,50
1,1,0,30,19,0.54,1,99
1,2,1,1,0,0,3,65
2,2,1,1,8,0.19,1,85
2,1,0,2,0,0,1,65
3,1,0,5,12,0.33,1,125
1,2,1,30,7,0.26,1,850
2,1,0,3,1,0.06,3,125
1,1,0,1,42,1.32,1,147
2,2,1,3,3,0.28,1,175
2,2,1,1,0,0,3,50
1,2,1,3,2,0.06,1,300
2,1,0,3,29,0.49,1,316
1,2,1,3,5,0.53,1,289
1,3,0,3,1,0.16,1,80
1,1,0,3,4,1.97,1,200
3,3,0,1,0,0,1,85
1,2,1,1,9,1.09,1,175
1,1,0,2,7,3.39,1,112
1,1,0,1,102,1.84,1,49
2,1,0,2,15,0.39,1,175
1,3,0,2,1,0.05,1,175
3,2,1,3,0,0,2,69
1,3,1,25,20,0.9,5,65
1,2,1,11,0,0,1,99
1,2,0,6,1,1,1,250
1,2,1,15,1,0.14,1,200
1,3,1,3,0,0,1,180
2,1,0,2,16,2.17,4,80
3,2,1,2,0,0,5,900
1,2,0,2,2,0.19,2,400
3,1,0,5,47,1.76,1,53
1,3,1,30,3,0.16,50,130
2,1,0,2,89,5.54,2,42
2,1,0,4,7,0.37,1,69
3,1,0,3,35,1.78,1,100
2,3,0,45,1,0.09,1,70
1,3,0,30,1,0.24,1,115
2,1,0,1,12,1.16,1,155
3,2,1,480,0,0,1,199
1,3,0,3,2,0.14,1,400
1,1,0,5,6,0.82,1,180
1,2,0,6,12,0.47,1,55
2,1,0,1,48,2.38,1,250
2,3,0,1,0,0,1,45
2,1,0,2,174,3.58,1,135
1,2,1,1,23,0.46,1,209
3,1,0,3,4,0.12,1,105
3,3,1,1,33,2.87,9,80
1,1,0,1,29,3.88,3,269
2,3,1,1,9,0.46,17,119
4,1,0,3,18,0.57,1,79
1,2,1,3,24,0.39,1,425
2,2,0,2,11,0.93,1,120
2,1,0,4,10,0.87,1,65
1,2,1,30,5,0.15,23,169
2,2,1,1,1,0.11,1,85
1,3,0,3,0,0,1,500
2,2,0,30,1,0.09,1,78
2,1,0,3,25,1.78,1,44
2,3,0,2,2,2,2,90
1,2,1,30,0,0,23,195
3,2,1,7,0,0,1,35
1,3,0,3,0,0,1,107
2,1,0,2,13,1.25,2,58
1,1,0,3,52,3.2,1,100
2,2,1,7,0,0,1,40
2,1,0,5,23,0.95,1,125
3,1,0,6,7,0.5,1,52
1,2,1,1,4,0.15,1,100
2,3,1,3,3,0.3,5,70
3,3,0,3,0,0,1,47
1,2,1,30,0,0,18,534
3,3,1,1,9,0.72,5,65
1,1,0,3,11,0.23,1,500
2,2,1,2,5,0.1,1,84
2,2,1,1,2,0.04,1,100
1,1,0,3,28,2.26,1,90
1,2,0,2,8,1.11,1,90
1,3,1,2,3,0.09,6,220
2,1,0,2,309,2.86,2,135
1,1,0,5,61,1.06,1,99
1,3,0,5,16,3.22,1,150
1,2,1,5,0,0,1,250
1,2,1,30,0,0,49,315
1,2,1,30,0,0,6,63
1,3,0,2,0,0,1,165
2,2,1,30,0,0,7,27
2,1,0,3,3,0.46,2,99
3,2,1,1,8,0.41,1,200
4,2,1,1,2,1.15,8,28
2,2,1,7,0,0,1,85
3,3,1,1,6,0.87,2,60
2,2,1,1,1,1,2,30
1,3,1,30,8,0.24,11,3000
1,3,0,3,2,0.05,1,50
3,3,0,2,2,0.24,1,120
2,1,0,4,0,0,4,275
1,1,0,2,33,0.9,1,123
2,1,0,3,41,1.84,1,200
1,1,0,4,4,0.35,1,99
2,2,1,1,0,0,1,100
3,2,1,7,0,0,1,1500
1,2,1,2,1,0.75,2,125
1,2,0,6,2,0.08,3,55
2,2,1,5,34,0.46,1,300
2,1,0,3,6,0.33,1,97
4,1,1,2,11,0.2,1,75
2,2,1,180,0,0,1,200
3,2,1,30,0,0,10,47
2,3,1,1,15,1.45,34,36
2,2,1,1,3,0.93,1,75
2,3,1,1,73,2.61,3,71
3,3,0,1,2,2,1,75
3,1,0,2,10,1.59,1,99
2,2,1,1,5,0.42,6,450
1,3,1,2,6,0.18,1,265
3,2,1,2,0,0,2,89
1,2,1,30,0,0,9,55
1,2,1,30,1,1,2,52
1,1,0,1,0,0,1,56
1,1,0,1,27,2.99,1,119
2,2,1,1,0,0,1,200
2,1,1,30,3,0.19,10,35
2,2,1,1,16,0.46,2,100
1,3,0,4,1,0.26,1,220
2,1,1,1,9,0.82,34,36
2,1,0,3,5,0.32,1,235
1,2,1,1,10,0.29,2,73
1,2,1,2,22,0.59,1,99
2,2,1,1,43,2.65,1,100
2,3,0,6,34,0.56,1,400
1,2,1,999,0,0,1,110
4,2,1,1,104,5.61,1,60
2,1,0,1,3,0.16,1,125
1,2,0,4,2,0.14,1,300
2,3,0,3,7,2.26,1,90
1,2,1,30,2,0.07,121,239
1,1,0,2,10,0.41,1,135
2,1,0,2,7,0.77,4,95
1,2,1,5,0,0,1,100
3,1,0,2,13,2.06,4,38
2,2,1,1,16,1.51,34,36
1,1,0,2,3,0.12,1,155
2,3,1,2,6,3.6,3,100
3,1,0,2,1,0.06,4,98
1,2,1,1,0,0,1,600
2,3,0,5,3,0.51,1,162
2,2,1,3,15,0.2,1,50
1,1,0,3,3,1.11,1,250
1,3,1,1,3,2.2,6,75
2,3,1,30,3,0.17,6,32
2,1,0,10,3,0.48,1,35
1,2,1,30,2,0.05,52,100
1,2,1,1,0,0,1,590
1,2,1,4,0,0,1,335
1,1,0,5,13,0.3,1,170
1,1,0,2,26,2.17,1,295
1,2,1,5,4,0.1,1,200
2,3,0,2,9,0.63,2,70
1,2,1,1,2,0.81,20,199
2,2,1,30,1,0.03,43,57
2,2,1,6,28,0.5,1,525
1,1,0,2,13,3.61,1,95
1,2,1,1,0,0,1,160
1,2,1,30,0,0,33,220
1,2,1,30,2,0.09,50,150
2,1,0,1,5,3.06,3,56
2,1,0,3,1,0.16,4,200
1,1,0,3,10,0.3,1,249
1,2,1,3,19,1.25,1,339
2,2,1,3,2,0.27,2,150
2,1,0,4,6,0.13,1,60
1,2,1,30,0,0,6,63
1,2,1,30,0,0,65,385
3,2,1,4,0,0,1,70
2,2,1,30,0,0,6,40
2,3,0,2,1,1,1,45
1,1,0,2,11,0.31,1,150
1,2,1,4,11,0.18,2,99
1,1,0,30,0,0,232,283
2,1,0,2,92,4.33,2,148
3,3,1,1,16,0.71,6,27
1,1,0,2,8,1.09,1,100
1,1,0,30,88,3.67,1,150
3,3,1,3,9,0.49,4,72
2,1,0,3,10,0.21,2,128
1,2,0,1,30,6,1,200
1,2,1,30,0,0,12,134
2,1,0,2,80,3.11,1,75
1,3,1,1,28,0.64,3,235
1,1,0,3,35,4.1,1,60
2,1,0,1,31,1.08,5,28
1,3,1,1,18,6.59,7,339
1,1,0,3,94,0.96,1,250
1,2,1,6,4,0.06,2,200
2,2,0,2,19,0.76,1,50
3,2,1,5,1,0.1,2,100
2,3,0,90,1,1,1,100
2,1,0,2,60,1.71,1,47
1,2,1,30,0,0,65,360
2,1,0,3,10,2.78,2,150
1,3,0,2,1,1,1,160
1,2,1,1,1,0.01,1,85
2,1,0,3,5,0.48,2,65
2,1,0,2,22,0.59,1,178
1,1,0,2,6,1.59,2,65
2,1,0,2,20,3.8,1,40
2,2,1,2,99,1.67,3,75
2,2,1,1,0,0,33,189
2,2,1,7,0,0,1,70
1,2,1,30,0,0,18,534
1,2,1,30,0,0,49,198
1,3,0,50,0,0,1,37
1,1,0,5,10,1.63,1,95
3,3,1,1,32,1.29,6,70
1,1,0,3,15,0.43,1,198
2,1,0,1,16,0.86,1,225
4,2,1,1,0,0,1,300
1,2,1,2,1,0.11,1,175
2,3,1,4,5,0.11,5,129
2,1,0,2,3,1.25,2,60
2,1,0,5,42,1.12,1,125
1,3,1,1,6,3.46,6,76
2,2,1,2,9,0.23,2,120
2,2,1,3,3,0.08,1,49
2,2,1,180,1,0.03,1,127
2,3,1,3,1,0.02,1,120
2,2,1,7,7,0.5,2,100
3,1,0,3,143,4.43,1,115
3,1,0,4,5,0.44,1,250
1,2,1,5,2,0.32,4,270
1,2,1,30,2,0.08,121,199
2,3,0,3,1,0.09,1,198
1,3,1,1,4,0.35,3,299
1,3,0,2,0,0,2,600
1,1,0,1,41,5.97,3,75
1,3,0,2,2,0.32,1,135
1,3,0,2,1,0.12,1,94
2,2,1,1,45,0.46,2,39
1,1,0,5,14,0.45,1,250
1,2,1,30,0,0,65,190
1,2,1,3,0,0,1,150
1,3,0,2,150,4.06,1,115
1,2,1,3,0,0,1,250
2,2,1,14,0,0,1,130
2,3,1,30,21,2.31,3,65
1,2,1,30,0,0,65,175
2,2,0,2,15,0.54,1,175
1,2,0,1,1,1,1,97
3,1,0,28,22,4.82,2,65
5,2,1,2,0,0,1,100
1,2,1,3,0,0,12,599
2,2,1,1,1,0.11,2,37
2,1,0,1,2,0.32,33,119
2,1,0,2,53,2.37,1,65
2,1,1,2,24,2.14,5,82
1,1,0,1,62,4.64,8,89
2,1,0,2,34,1.11,1,150
3,1,0,1,14,0.76,2,85
2,2,1,7,0,0,1,333
2,1,0,4,9,0.74,2,150
1,2,1,30,0,0,50,175
1,3,1,3,3,0.1,12,799
1,2,1,1,2,0.25,1,1000
2,2,1,1,1,0.59,6,99
2,1,0,1,3,0.12,1,70
1,1,0,1,4,0.56,1,120
3,1,0,1,0,0,7,200
1,1,0,3,7,1.71,1,110
1,1,0,2,5,1.33,1,150
2,1,0,2,9,4.09,1,100
2,2,1,21,0,0,2,150
1,2,1,1,157,2.49,1,150
1,1,0,4,13,0.93,1,220
3,1,0,2,8,1.08,1,45
3,3,0,3,0,0,1,149
2,1,0,2,11,1.15,1,80
2,1,0,3,20,0.8,1,150
3,1,0,3,26,1.82,1,55
1,1,0,2,40,2.51,1,220
2,1,0,1,12,0.39,3,80
2,2,1,3,1,0.59,13,54
1,3,0,1,0,0,1,250
1,2,1,1,132,1.75,1,125
1,1,0,1,205,3.05,1,100
1,3,0,3,0,0,1,198
4,2,1,2,3,0.1,1,60
2,1,0,2,35,1.8,3,25
1,2,1,1,26,2.36,1,60
2,3,0,2,5,0.61,1,68
2,2,0,2,17,1.15,1,79
1,3,1,2,16,1.8,4,120
2,2,1,120,0,0,1,36
3,3,1,1,16,0.7,6,45
2,2,1,2,1,1,4,79
3,2,1,2,4,0.32,1,83
1,1,0,1,87,1.42,1,130
3,2,1,1,2,2,1,70
1,2,1,15,0,0,1,120
1,2,1,31,0,0,1,250
2,1,0,2,29,1.1,1,94
1,1,0,3,42,2.19,1,170
3,2,1,1,21,0.55,1,75
2,1,0,3,4,0.21,1,115
2,1,0,30,21,0.81,1,60
1,1,0,2,6,1.94,1,170
1,1,1,2,37,0.53,1,143
2,1,0,2,8,1.25,2,37
1,3,0,2,0,0,1,150
2,1,0,30,77,1.3,1,120
1,2,0,1,4,0.53,1,150
1,1,0,7,4,0.17,1,125
2,3,1,30,4,0.2,10,50
1,1,0,2,21,1.1,1,150
2,1,0,2,4,0.34,2,150
1,2,1,30,0,0,121,199
2,1,0,4,4,0.2,1,105
1,1,0,4,15,0.31,2,399
1,2,1,3,9,0.23,1,120
2,1,0,1,93,3,2,37
2,3,0,2,0,0,1,100
1,1,0,1,64,2.55,1,50
1,1,0,30,70,0.83,6,89
1,3,0,3,1,0.16,1,90
1,2,1,1,0,0,1,100
2,2,1,2,10,0.22,2,250
1,2,1,300,0,0,1,140
1,1,0,5,5,0.21,1,230
1,1,0,3,18,0.79,1,150
1,3,1,4,10,0.91,3,180
1,2,1,1,66,1.18,1,895
3,1,0,30,0,0,37,28
1,1,0,3,7,2.84,1,130
1,1,0,1,44,4.91,1,120
1,2,0,5,53,0.43,1,135
2,2,1,10,1,0.14,1,60
4,2,1,7,9,0.25,1,85
2,2,0,2,0,0,1,99
1,1,0,1,20,2.05,2,90
3,2,1,1,42,1.26,1,85
2,1,0,1,11,2.64,1,75
3,1,0,4,8,0.27,1,44
1,2,1,29,0,0,327,699
4,2,1,2,10,0.85,1,60
1,1,0,2,8,1.02,1,125
3,2,1,1,1,0.05,18,135
2,2,1,2,11,0.2,2,120
1,2,1,2,1,0.03,12,799
2,2,1,365,10,0.25,1,1002
3,2,1,1,2,0.04,2,58
2,1,0,3,8,1.28,1,120
3,2,1,3,0,0,1,60
2,1,0,1,5,0.74,1,47
2,2,1,30,0,0,2,155
1,3,0,1,0,0,1,1150
1,2,1,9,0,0,1,175
2,2,1,2,4,0.53,6,25
1,2,1,30,2,0.07,121,239
2,2,1,1,0,0,33,306
1,1,0,2,116,4.03,1,259
2,2,1,2,1,0.13,6,25
2,1,0,5,19,0.39,1,120
3,1,0,3,94,2.52,1,99
1,1,0,7,3,0.09,1,106
1,1,0,5,17,0.25,2,140
1,1,0,2,13,1.34,2,65
2,2,1,1,11,0.3,2,100
2,1,0,1,8,0.96,1,45
3,2,1,1,1,0.08,1,109
3,2,1,30,2,0.19,15,183
2,3,0,2,2,0.32,1,195
1,2,1,2,1,1,9,69
1,1,0,2,20,0.58,4,110
2,3,0,1,0,0,1,80
1,1,0,2,81,5.63,1,112
3,2,0,30,1,0.26,15,40
2,2,1,2,16,0.37,1,175
2,1,0,6,18,0.51,1,62
2,2,1,3,1,0.05,4,80
4,2,1,3,2,0.03,1,80
2,2,1,30,0,0,14,79
2,1,0,6,4,0.23,1,44
2,2,1,2,13,1.01,1,300
5,1,0,2,8,5.33,1,68
2,2,1,7,2,0.09,1,35
2,2,1,1,0,0,33,119
1,2,1,365,19,0.21,1,125
1,1,0,4,2,0.2,1,425
2,3,0,5,1,0.09,1,80
3,2,1,10,0,0,1,75
1,1,0,5,33,1.17,3,69
1,2,1,5,3,0.17,2,85
2,1,0,2,41,2.94,1,52
1,1,0,3,21,0.6,1,160
1,1,0,30,3,0.12,7,220
1,1,0,2,87,2.54,1,85
2,2,0,3,2,0.82,1,120
1,3,1,1,103,2.07,10,50
2,3,1,3,102,2.02,6,50
3,2,1,1,42,1.21,2,80
1,1,0,2,6,4.29,1,175
2,3,1,1,7,1.47,3,35
2,2,1,1,0,0,2,59
1,3,0,3,0,0,1,74
4,1,1,1,3,0.32,1,75
2,1,0,2,85,1.99,2,90
3,1,0,3,34,1.02,1,90
3,2,1,2,52,0.49,2,55
4,2,1,5,0,0,5,65
2,1,0,3,17,0.46,1,250
2,1,0,2,10,1.57,4,80
2,3,0,30,0,0,1,40
1,2,1,1,9,0.39,1,106
2,3,0,1,1,0.15,1,190
1,2,1,30,1,0.63,3,78
3,2,1,1,0,0,1,2000
1,1,1,1,4,0.29,11,69
1,1,0,4,13,1.94,1,123
2,1,0,1,30,2.08,2,61
1,2,1,30,0,0,18,299
1,2,1,1,0,0,3,150
1,1,0,1,12,1.83,1,66
1,1,0,3,2,0.41,2,96
2,3,0,5,10,1.6,1,93
4,2,1,1,0,0,1,130
1,2,1,30,1,0.08,1,149
3,1,0,2,0,0,4,80
1,1,0,4,52,1.25,1,199
1,1,0,3,6,2.31,1,45
2,2,1,1,25,0.96,2,55
2,2,1,1,1,0.59,1,250
2,3,1,2,56,4.06,4,59
2,1,0,4,68,1.06,1,131
1,2,1,30,1,0.02,1,200
1,2,1,30,0,0,65,483
1,2,1,1,0,0,1,70
1,2,1,3,2,0.33,1,300
2,2,1,30,0,0,3,77
1,1,0,1,11,0.73,1,225
2,1,0,5,11,0.27,1,120
1,2,1,1,0,0,1,1350
1,1,0,2,16,2.24,1,70
2,1,0,2,22,3.84,3,80
2,1,0,2,3,0.34,2,60
2,2,1,2,38,0.51,1,75
1,1,0,3,3,2.43,3,150
3,2,1,2,36,0.74,1,113
2,1,0,2,41,2.04,2,95
1,1,0,2,13,0.23,1,220
1,2,1,30,0,0,5,190
1,2,1,7,7,0.1,1,400
2,3,0,3,1,0.57,1,99
1,2,1,90,5,0.11,1,399
2,1,0,2,62,6.08,3,39
3,1,0,2,18,0.49,1,200
2,2,1,2,3,0.29,2,112
2,3,1,1,8,0.16,3,148
1,1,0,1,33,0.91,2,52
2,3,1,1,12,0.62,17,169
1,2,1,30,0,0,65,190
5,3,1,1,16,1.53,3,50
1,2,1,31,6,0.09,1,249
1,2,1,4,2,0.76,1,200
2,1,0,4,11,0.99,1,135
1,2,1,30,1,0.3,6,63
1,1,0,3,8,1.15,1,60
1,2,1,7,0,0,1,3000
1,1,0,7,12,1.01,1,175
3,3,1,1,30,2.58,6,90
2,3,0,2,18,1.61,2,55
2,2,1,30,0,0,1,100
2,2,1,30,1,0.09,7,20
1,1,0,3,45,3.53,3,100
1,2,1,30,0,0,65,305
3,3,0,30,1,0.1,37,41
2,1,0,3,21,0.3,1,550
1,3,0,2,150,2.99,1,150
1,2,1,7,0,0,1,150
1,2,1,30,2,0.05,121,169
3,1,0,1,29,5.37,2,55
3,2,1,7,0,0,1,60
1,2,1,1,0,0,3,159
3,2,1,2,2,1.15,1,63
2,3,1,30,22,2.03,3,55
1,2,0,5,70,4.49,3,600
2,2,1,1,96,3.13,2,72
1,2,1,30,0,0,49,138
2,2,1,1,1,0.12,1,1000
1,1,0,3,126,4.42,1,135
1,1,0,1,44,5.59,2,89
1,2,1,30,0,0,65,350
2,1,0,2,7,0.36,1,135
3,2,1,3,0,0,1,688
4,2,0,1,23,1.02,3,105
2,3,1,30,22,1.89,3,65
1,2,1,300,2,0.1,1,150
2,1,0,2,0,0,1,45
2,2,1,1,2,0.22,6,89
1,2,1,2,2,0.06,12,899
2,2,1,1,10,2.46,1,38
1,1,0,3,185,2.46,1,97
2,1,0,3,228,2.39,3,185
2,3,1,30,16,0.37,1,150
2,3,0,1,5,0.57,1,35
3,1,0,2,9,0.37,2,400
1,2,1,30,2,0.1,121,239
3,2,1,2,13,0.27,1,300
1,1,0,1,23,1.37,1,145
2,1,0,2,8,0.1,1,75
1,2,1,30,1,0.01,52,95
1,2,1,30,0,0,49,175
3,2,1,1,0,0,3,150
2,2,1,3,43,0.44,2,75
1,3,0,1,0,0,1,129
1,1,0,2,1,1,1,120
1,3,1,30,44,0.53,11,1000
3,2,1,1,0,0,5,95
2,2,1,21,0,0,2,1350
1,1,1,30,3,0.09,10,50
2,3,0,2,0,0,1,150
1,2,0,1,5,0.15,1,60
1,1,1,30,1,0.05,87,205
1,1,0,2,14,1.39,2,100
2,1,0,15,53,0.75,1,125
2,2,1,7,0,0,1,200
1,1,0,4,6,0.65,1,160
1,2,1,1,38,0.97,2,69
3,1,0,4,6,0.51,1,325
2,1,0,4,49,2.31,2,135
1,1,0,1,31,1.14,1,140
1,3,1,1,4,0.28,4,65
1,1,0,2,165,4.77,2,100
2,1,0,2,233,4.38,1,150
4,3,1,1,4,1.48,7,80
1,2,1,30,0,0,65,340
4,3,0,2,18,3.02,1,42
1,3,0,5,1,0.08,1,150
1,1,0,3,119,3.19,1,30
1,2,1,3,4,0.1,1,94
1,2,1,3,1,1,6,120
3,2,1,1,19,0.54,1,105
3,2,1,40,15,0.39,1,350
4,2,1,30,0,0,1,80
2,3,0,3,1,1,1,95
2,3,0,7,6,0.25,1,150
1,3,0,30,0,0,1,174
2,1,0,2,15,1.05,1,90
1,2,1,1,0,0,1,1500
3,3,1,1,10,5.77,6,99
2,1,0,30,14,0.21,1,450
1,1,0,5,112,1.59,3,79
1,1,0,1,3,1.55,1,115
1,1,0,30,100,1.25,1,73
1,2,1,30,1,0.04,121,235
1,1,0,2,5,1.65,1,70
2,3,1,1,1,0.04,1,800
3,2,1,1,0,0,1,60
1,2,1,90,0,0,1,55
3,2,1,3,2,0.94,1,100
1,3,0,3,1,1,1,130
2,1,0,2,13,0.59,1,90
5,2,1,1,1,1,3,65
2,3,1,1,7,0.8,7,38
1,2,1,1,63,0.71,1,385
2,2,1,30,0,0,10,41
2,1,0,3,16,2.21,1,125
1,2,1,30,0,0,49,138
1,2,0,1,54,4.82,8,89
1,1,0,2,11,1.07,4,70
2,3,0,2,0,0,1,180
2,2,1,1,1,0.03,2,450
2,1,0,30,3,0.08,1,110
2,3,1,1,10,3.19,4,75
1,2,1,5,1,0.01,1,700
1,3,0,1,0,0,1,85
2,1,0,1,3,1.58,1,100
3,2,1,30,2,0.1,6,55
1,3,0,7,5,0.53,1,200
2,2,1,3,0,0,1,72
1,1,0,2,28,1.28,1,215
1,2,1,30,0,0,121,239
2,2,1,4,7,0.21,2,70
2,1,0,1,139,4.43,2,29
2,3,0,2,2,0.31,1,100
2,2,1,2,2,0.7,1,72
1,1,0,1,7,0.73,7,140
1,2,1,1,2,0.45,10,72
4,3,1,3,0,0,1,100
4,2,0,1,16,0.61,4,35
1,2,1,29,0,0,327,260
1,1,0,2,3,0.24,1,225
1,1,0,3,30,1.84,6,200
1,2,1,1,6,0.15,1,125
1,1,1,30,1,0.21,50,222
1,2,1,2,0,0,1,400
1,2,1,3,2,0.07,1,180
1,1,0,3,17,0.67,1,179
1,2,1,30,0,0,49,200
1,3,1,30,24,0.33,11,1000
